,n_sim,n_p,n_p_f
0,0,6,1
1,1,6,2
2,2,6,1
3,3,6,1
4,4,6,1
5,5,6,1
6,6,6,2
7,7,6,1
8,8,6,2
9,9,6,2
10,10,6,1
11,11,6,2
12,12,6,1
13,13,6,2
14,14,6,1
15,15,6,2
16,16,6,2
17,17,6,2
18,18,6,2
19,19,6,1
20,20,6,1
21,21,6,1
22,22,6,1
23,23,6,2
24,24,6,1
25,25,6,1
26,26,6,1
27,27,6,1
28,28,6,2
29,29,6,1
30,30,6,1
31,31,6,1
32,32,6,2
33,33,6,2
34,34,6,1
35,35,6,1
36,36,6,2
37,37,6,1
38,38,6,1
39,39,6,2
40,40,6,1
41,41,6,2
42,42,6,1
43,43,6,2
44,44,6,1
45,45,6,1
46,46,6,1
47,47,6,1
48,48,6,1
49,49,6,2
50,50,6,1
51,51,6,1
52,52,6,2
53,53,6,2
54,54,6,1
55,55,6,2
56,56,6,2
57,57,6,2
58,58,6,1
59,59,6,1
60,60,6,1
61,61,6,1
62,62,6,1
63,63,6,1
64,64,6,2
65,65,6,2
66,66,6,2
67,67,6,1
68,68,6,2
69,69,6,1
70,70,6,2
71,71,6,2
72,72,6,2
73,73,6,1
74,74,6,2
75,75,6,1
76,76,6,2
77,77,6,1
78,78,6,1
79,79,6,1
80,80,6,2
81,81,6,2
82,82,6,1
83,83,6,1
84,84,6,2
85,85,6,1
86,86,6,1
87,87,6,1
88,88,6,2
89,89,6,1
90,90,6,1
91,91,6,1
92,92,6,1
93,93,6,2
94,94,6,1
95,95,6,1
96,96,6,2
97,97,6,1
98,98,6,1
99,99,6,2
100,100,6,1
101,101,6,2
102,102,6,2
103,103,6,1
104,104,6,2
105,105,6,1
106,106,6,1
107,107,6,1
108,108,6,2
109,109,6,1
110,110,6,1
111,111,6,1
112,112,6,1
113,113,6,1
114,114,6,2
115,115,6,2
116,116,6,1
117,117,6,2
118,118,6,1
119,119,6,1
120,120,6,1
121,121,6,2
122,122,6,1
123,123,6,2
124,124,6,2
125,125,6,2
126,126,6,2
127,127,6,1
128,128,6,1
129,129,6,1
130,130,6,2
131,131,6,2
132,132,6,2
133,133,6,1
134,134,6,1
135,135,6,2
136,136,6,1
137,137,6,1
138,138,6,1
139,139,6,2
140,140,6,1
141,141,6,2
142,142,6,1
143,143,6,1
144,144,6,1
145,145,6,1
146,146,6,1
147,147,6,2
148,148,6,2
149,149,6,2
150,150,6,1
151,151,6,2
152,152,6,1
153,153,6,2
154,154,6,1
155,155,6,2
156,156,6,2
157,157,6,1
158,158,6,1
159,159,6,2
160,160,6,1
161,161,6,2
162,162,6,1
163,163,6,1
164,164,6,1
165,165,6,1
166,166,6,1
167,167,6,2
168,168,6,1
169,169,6,1
170,170,6,2
171,171,6,1
172,172,6,1
173,173,6,2
174,174,6,1
175,175,6,1
176,176,6,1
177,177,6,2
178,178,6,2
179,179,6,2
180,180,6,1
181,181,6,2
182,182,6,1
183,183,6,2
184,184,6,1
185,185,6,1
186,186,6,2
187,187,6,2
188,188,6,1
189,189,6,1
190,190,6,1
191,191,6,2
192,192,6,2
193,193,6,1
194,194,6,2
195,195,6,1
196,196,6,2
197,197,6,2
198,198,6,2
199,199,6,2
200,200,6,1
201,201,6,2
202,202,6,1
203,203,6,1
204,204,6,1
205,205,6,1
206,206,6,2
207,207,6,2
208,208,6,2
209,209,6,2
210,210,6,1
211,211,6,1
212,212,6,1
213,213,6,2
214,214,6,2
215,215,6,1
216,216,6,1
217,217,6,1
218,218,6,1
219,219,6,2
220,220,6,1
221,221,6,2
222,222,6,1
223,223,6,2
224,224,6,2
225,225,6,2
226,226,6,1
227,227,6,2
228,228,6,2
229,229,6,2
230,230,6,1
231,231,6,1
232,232,6,2
233,233,6,2
234,234,6,2
235,235,6,2
236,236,6,1
237,237,6,2
238,238,6,2
239,239,6,2
240,240,6,1
241,241,6,1
242,242,6,1
243,243,6,2
244,244,6,2
245,245,6,2
246,246,6,1
247,247,6,1
248,248,6,1
249,249,6,2
250,250,6,1
251,251,6,1
252,252,6,1
253,253,6,1
254,254,6,1
255,255,6,1
256,256,6,2
257,257,6,1
258,258,6,1
259,259,6,1
260,260,6,2
261,261,6,1
262,262,6,1
263,263,6,2
264,264,6,1
265,265,6,2
266,266,6,2
267,267,6,2
268,268,6,2
269,269,6,1
270,270,6,2
271,271,6,1
272,272,6,2
273,273,6,1
274,274,6,1
275,275,6,2
276,276,6,1
277,277,6,1
278,278,6,1
279,279,6,2
280,280,6,2
281,281,6,2
282,282,6,1
283,283,6,2
284,284,6,2
285,285,6,1
286,286,6,2
287,287,6,2
288,288,6,1
289,289,6,1
290,290,6,2
291,291,6,2
292,292,6,1
293,293,6,2
294,294,6,1
295,295,6,2
296,296,6,1
297,297,6,1
298,298,6,1
299,299,6,1
300,300,6,1
301,301,6,1
302,302,6,2
303,303,6,1
304,304,6,2
305,305,6,2
306,306,6,2
307,307,6,1
308,308,6,1
309,309,6,1
310,310,6,2
311,311,6,1
312,312,6,1
313,313,6,1
314,314,6,2
315,315,6,1
316,316,6,1
317,317,6,1
318,318,6,2
319,319,6,2
320,320,6,1
321,321,6,1
322,322,6,1
323,323,6,2
324,324,6,1
325,325,6,1
326,326,6,1
327,327,6,2
328,328,6,1
329,329,6,2
330,330,6,1
331,331,6,1
332,332,6,2
333,333,6,2
334,334,6,1
335,335,6,1
336,336,6,2
337,337,6,1
338,338,6,2
339,339,6,1
340,340,6,2
341,341,6,1
342,342,6,1
343,343,6,2
344,344,6,2
345,345,6,2
346,346,6,2
347,347,6,1
348,348,6,1
349,349,6,1
350,350,6,2
351,351,6,2
352,352,6,1
353,353,6,1
354,354,6,1
355,355,6,1
356,356,6,1
357,357,6,2
358,358,6,1
359,359,6,1
360,360,6,1
361,361,6,1
362,362,6,2
363,363,6,2
364,364,6,1
365,365,6,1
366,366,6,2
367,367,6,1
368,368,6,2
369,369,6,1
370,370,6,1
371,371,6,2
372,372,6,2
373,373,6,1
374,374,6,2
375,375,6,1
376,376,6,2
377,377,6,2
378,378,6,2
379,379,6,2
380,380,6,2
381,381,6,1
382,382,6,2
383,383,6,1
384,384,6,2
385,385,6,1
386,386,6,2
387,387,6,1
388,388,6,1
389,389,6,1
390,390,6,2
391,391,6,1
392,392,6,1
393,393,6,2
394,394,6,1
395,395,6,1
396,396,6,1
397,397,6,2
398,398,6,1
399,399,6,1
400,400,6,1
401,401,6,2
402,402,6,2
403,403,6,2
404,404,6,1
405,405,6,1
406,406,6,1
407,407,6,1
408,408,6,1
409,409,6,1
410,410,6,2
411,411,6,2
412,412,6,1
413,413,6,1
414,414,6,2
415,415,6,1
416,416,6,1
417,417,6,1
418,418,6,2
419,419,6,2
420,420,6,1
421,421,6,1
422,422,6,2
423,423,6,2
424,424,6,2
425,425,6,2
426,426,6,1
427,427,6,1
428,428,6,1
429,429,6,2
430,430,6,2
431,431,6,1
432,432,6,2
433,433,6,1
434,434,6,1
435,435,6,2
436,436,6,2
437,437,6,1
438,438,6,2
439,439,6,1
440,440,6,2
441,441,6,1
442,442,6,2
443,443,6,1
444,444,6,2
445,445,6,1
446,446,6,1
447,447,6,1
448,448,6,1
449,449,6,2
450,450,6,1
451,451,6,2
452,452,6,2
453,453,6,1
454,454,6,2
455,455,6,1
456,456,6,1
457,457,6,2
458,458,6,1
459,459,6,1
460,460,6,2
461,461,6,1
462,462,6,1
463,463,6,2
464,464,6,1
465,465,6,1
466,466,6,1
467,467,6,1
468,468,6,1
469,469,6,1
470,470,6,2
471,471,6,2
472,472,6,1
473,473,6,2
474,474,6,1
475,475,6,2
476,476,6,1
477,477,6,1
478,478,6,1
479,479,6,2
480,480,6,1
481,481,6,1
482,482,6,2
483,483,6,2
484,484,6,1
485,485,6,2
486,486,6,2
487,487,6,1
488,488,6,2
489,489,6,1
490,490,6,1
491,491,6,1
492,492,6,1
493,493,6,1
494,494,6,1
495,495,6,1
496,496,6,2
497,497,6,1
498,498,6,2
499,499,6,1
500,500,6,1
501,501,6,1
502,502,6,2
503,503,6,1
504,504,6,1
505,505,6,1
506,506,6,1
507,507,6,2
508,508,6,2
509,509,6,2
510,510,6,1
511,511,6,1
512,512,6,1
513,513,6,1
514,514,6,1
515,515,6,2
516,516,6,1
517,517,6,1
518,518,6,2
519,519,6,2
520,520,6,1
521,521,6,1
522,522,6,2
523,523,6,2
524,524,6,1
525,525,6,1
526,526,6,1
527,527,6,1
528,528,6,2
529,529,6,1
530,530,6,1
531,531,6,2
532,532,6,1
533,533,6,1
534,534,6,1
535,535,6,2
536,536,6,2
537,537,6,2
538,538,6,1
539,539,6,1
540,540,6,2
541,541,6,2
542,542,6,1
543,543,6,2
544,544,6,2
545,545,6,1
546,546,6,2
547,547,6,2
548,548,6,1
549,549,6,2
550,550,6,1
551,551,6,2
552,552,6,1
553,553,6,2
554,554,6,2
555,555,6,1
556,556,6,2
557,557,6,2
558,558,6,1
559,559,6,1
560,560,6,2
561,561,6,1
562,562,6,1
563,563,6,2
564,564,6,1
565,565,6,1
566,566,6,2
567,567,6,2
568,568,6,1
569,569,6,1
570,570,6,1
571,571,6,2
572,572,6,2
573,573,6,2
574,574,6,2
575,575,6,1
576,576,6,1
577,577,6,2
578,578,6,1
579,579,6,1
580,580,6,1
581,581,6,2
582,582,6,1
583,583,6,2
584,584,6,2
585,585,6,2
586,586,6,1
587,587,6,1
588,588,6,2
589,589,6,1
590,590,6,1
591,591,6,1
592,592,6,1
593,593,6,1
594,594,6,1
595,595,6,1
596,596,6,2
597,597,6,2
598,598,6,1
599,599,6,1
600,600,6,2
601,601,6,2
602,602,6,1
603,603,6,1
604,604,6,1
605,605,6,1
606,606,6,2
607,607,6,2
608,608,6,1
609,609,6,2
610,610,6,1
611,611,6,1
612,612,6,1
613,613,6,1
614,614,6,1
615,615,6,2
616,616,6,1
617,617,6,2
618,618,6,1
619,619,6,1
620,620,6,2
621,621,6,2
622,622,6,2
623,623,6,2
624,624,6,1
625,625,6,2
626,626,6,1
627,627,6,2
628,628,6,2
629,629,6,2
630,630,6,1
631,631,6,1
632,632,6,1
633,633,6,1
634,634,6,2
635,635,6,1
636,636,6,2
637,637,6,2
638,638,6,2
639,639,6,1
640,640,6,1
641,641,6,1
642,642,6,1
643,643,6,1
644,644,6,1
645,645,6,1
646,646,6,1
647,647,6,1
648,648,6,1
649,649,6,2
650,650,6,2
651,651,6,1
652,652,6,1
653,653,6,1
654,654,6,1
655,655,6,1
656,656,6,1
657,657,6,2
658,658,6,2
659,659,6,1
660,660,6,2
661,661,6,1
662,662,6,1
663,663,6,1
664,664,6,1
665,665,6,1
666,666,6,2
667,667,6,1
668,668,6,1
669,669,6,2
670,670,6,2
671,671,6,2
672,672,6,1
673,673,6,2
674,674,6,2
675,675,6,1
676,676,6,1
677,677,6,2
678,678,6,2
679,679,6,2
680,680,6,1
681,681,6,1
682,682,6,2
683,683,6,2
684,684,6,1
685,685,6,1
686,686,6,1
687,687,6,1
688,688,6,1
689,689,6,1
690,690,6,2
691,691,6,1
692,692,6,1
693,693,6,2
694,694,6,2
695,695,6,1
696,696,6,1
697,697,6,1
698,698,6,1
699,699,6,2
700,700,6,1
701,701,6,1
702,702,6,1
703,703,6,2
704,704,6,1
705,705,6,1
706,706,6,2
707,707,6,2
708,708,6,2
709,709,6,2
710,710,6,1
711,711,6,2
712,712,6,1
713,713,6,1
714,714,6,1
715,715,6,2
716,716,6,1
717,717,6,2
718,718,6,1
719,719,6,2
720,720,6,1
721,721,6,1
722,722,6,1
723,723,6,1
724,724,6,1
725,725,6,2
726,726,6,1
727,727,6,2
728,728,6,2
729,729,6,2
730,730,6,1
731,731,6,2
732,732,6,1
733,733,6,1
734,734,6,1
735,735,6,1
736,736,6,2
737,737,6,2
738,738,6,1
739,739,6,1
740,740,6,2
741,741,6,2
742,742,6,1
743,743,6,1
744,744,6,2
745,745,6,2
746,746,6,1
747,747,6,1
748,748,6,1
749,749,6,1
750,750,6,1
751,751,6,2
752,752,6,1
753,753,6,1
754,754,6,2
755,755,6,2
756,756,6,2
757,757,6,1
758,758,6,1
759,759,6,1
760,760,6,2
761,761,6,1
762,762,6,1
763,763,6,2
764,764,6,1
765,765,6,2
766,766,6,2
767,767,6,2
768,768,6,1
769,769,6,1
770,770,6,2
771,771,6,2
772,772,6,2
773,773,6,1
774,774,6,1
775,775,6,2
776,776,6,2
777,777,6,1
778,778,6,1
779,779,6,1
780,780,6,1
781,781,6,2
782,782,6,2
783,783,6,1
784,784,6,1
785,785,6,1
786,786,6,2
787,787,6,2
788,788,6,2
789,789,6,2
790,790,6,1
791,791,6,2
792,792,6,2
793,793,6,1
794,794,6,1
795,795,6,2
796,796,6,2
797,797,6,1
798,798,6,1
799,799,6,2
800,800,6,1
801,801,6,2
802,802,6,1
803,803,6,2
804,804,6,2
805,805,6,1
806,806,6,2
807,807,6,1
808,808,6,1
809,809,6,2
810,810,6,1
811,811,6,1
812,812,6,1
813,813,6,2
814,814,6,2
815,815,6,2
816,816,6,1
817,817,6,1
818,818,6,1
819,819,6,1
820,820,6,2
821,821,6,2
822,822,6,2
823,823,6,1
824,824,6,2
825,825,6,1
826,826,6,1
827,827,6,2
828,828,6,2
829,829,6,1
830,830,6,2
831,831,6,2
832,832,6,2
833,833,6,1
834,834,6,1
835,835,6,2
836,836,6,1
837,837,6,1
838,838,6,1
839,839,6,2
840,840,6,1
841,841,6,2
842,842,6,2
843,843,6,2
844,844,6,2
845,845,6,1
846,846,6,1
847,847,6,2
848,848,6,1
849,849,6,1
850,850,6,2
851,851,6,2
852,852,6,1
853,853,6,1
854,854,6,1
855,855,6,2
856,856,6,1
857,857,6,2
858,858,6,2
859,859,6,1
860,860,6,2
861,861,6,2
862,862,6,1
863,863,6,1
864,864,6,1
865,865,6,1
866,866,6,1
867,867,6,1
868,868,6,1
869,869,6,2
870,870,6,2
871,871,6,2
872,872,6,1
873,873,6,2
874,874,6,2
875,875,6,2
876,876,6,1
877,877,6,1
878,878,6,1
879,879,6,1
880,880,6,2
881,881,6,1
882,882,6,2
883,883,6,2
884,884,6,1
885,885,6,2
886,886,6,2
887,887,6,1
888,888,6,2
889,889,6,2
890,890,6,2
891,891,6,1
892,892,6,2
893,893,6,2
894,894,6,2
895,895,6,2
896,896,6,2
897,897,6,2
898,898,6,2
899,899,6,1
900,900,6,1
901,901,6,2
902,902,6,2
903,903,6,2
904,904,6,1
905,905,6,1
906,906,6,1
907,907,6,1
908,908,6,1
909,909,6,2
910,910,6,2
911,911,6,2
912,912,6,1
913,913,6,2
914,914,6,1
915,915,6,2
916,916,6,1
917,917,6,1
918,918,6,1
919,919,6,2
920,920,6,1
921,921,6,2
922,922,6,2
923,923,6,1
924,924,6,1
925,925,6,1
926,926,6,1
927,927,6,1
928,928,6,2
929,929,6,1
930,930,6,2
931,931,6,1
932,932,6,1
933,933,6,2
934,934,6,2
935,935,6,2
936,936,6,1
937,937,6,2
938,938,6,1
939,939,6,2
940,940,6,1
941,941,6,2
942,942,6,1
943,943,6,1
944,944,6,2
945,945,6,1
946,946,6,1
947,947,6,2
948,948,6,1
949,949,6,2
950,950,6,2
951,951,6,2
952,952,6,1
953,953,6,1
954,954,6,2
955,955,6,1
956,956,6,1
957,957,6,2
958,958,6,2
959,959,6,1
960,960,6,1
961,961,6,1
962,962,6,2
963,963,6,1
964,964,6,1
965,965,6,1
966,966,6,2
967,967,6,1
968,968,6,2
969,969,6,1
970,970,6,1
971,971,6,1
972,972,6,1
973,973,6,1
974,974,6,1
975,975,6,2
976,976,6,1
977,977,6,1
978,978,6,1
979,979,6,1
980,980,6,2
981,981,6,2
982,982,6,2
983,983,6,2
984,984,6,1
985,985,6,2
986,986,6,2
987,987,6,1
988,988,6,1
989,989,6,1
990,990,6,1
991,991,6,1
992,992,6,2
993,993,6,1
994,994,6,2
995,995,6,1
996,996,6,1
997,997,6,1
998,998,6,2
999,999,6,1
1000,1000,6,2
1001,1001,6,1
1002,1002,6,2
1003,1003,6,2
1004,1004,6,1
1005,1005,6,1
1006,1006,6,1
1007,1007,6,2
1008,1008,6,1
1009,1009,6,2
1010,1010,6,2
1011,1011,6,1
1012,1012,6,1
1013,1013,6,2
1014,1014,6,1
1015,1015,6,2
1016,1016,6,1
1017,1017,6,1
1018,1018,6,1
1019,1019,6,1
1020,1020,6,2
1021,1021,6,2
1022,1022,6,1
1023,1023,6,1
1024,1024,6,1
1025,1025,6,2
1026,1026,6,1
1027,1027,6,1
1028,1028,6,1
1029,1029,6,1
1030,1030,6,2
1031,1031,6,1
1032,1032,6,1
1033,1033,6,1
1034,1034,6,1
1035,1035,6,1
1036,1036,6,1
1037,1037,6,1
1038,1038,6,2
1039,1039,6,2
1040,1040,6,1
1041,1041,6,1
1042,1042,6,2
1043,1043,6,2
1044,1044,6,1
1045,1045,6,2
1046,1046,6,2
1047,1047,6,2
1048,1048,6,1
1049,1049,6,2
1050,1050,6,1
1051,1051,6,1
1052,1052,6,1
1053,1053,6,1
1054,1054,6,1
1055,1055,6,1
1056,1056,6,2
1057,1057,6,1
1058,1058,6,1
1059,1059,6,1
1060,1060,6,1
1061,1061,6,1
1062,1062,6,2
1063,1063,6,2
1064,1064,6,2
1065,1065,6,2
1066,1066,6,1
1067,1067,6,1
1068,1068,6,2
1069,1069,6,2
1070,1070,6,1
1071,1071,6,1
1072,1072,6,2
1073,1073,6,1
1074,1074,6,2
1075,1075,6,1
1076,1076,6,1
1077,1077,6,1
1078,1078,6,1
1079,1079,6,2
1080,1080,6,1
1081,1081,6,2
1082,1082,6,2
1083,1083,6,1
1084,1084,6,2
1085,1085,6,2
1086,1086,6,2
1087,1087,6,1
1088,1088,6,1
1089,1089,6,1
1090,1090,6,1
1091,1091,6,2
1092,1092,6,1
1093,1093,6,2
1094,1094,6,1
1095,1095,6,1
1096,1096,6,1
1097,1097,6,2
1098,1098,6,2
1099,1099,6,1
1100,1100,6,1
1101,1101,6,1
1102,1102,6,1
1103,1103,6,1
1104,1104,6,2
1105,1105,6,1
1106,1106,6,1
1107,1107,6,1
1108,1108,6,1
1109,1109,6,1
1110,1110,6,1
1111,1111,6,1
1112,1112,6,1
1113,1113,6,1
1114,1114,6,2
1115,1115,6,1
1116,1116,6,2
1117,1117,6,2
1118,1118,6,1
1119,1119,6,1
1120,1120,6,2
1121,1121,6,1
1122,1122,6,1
1123,1123,6,1
1124,1124,6,2
1125,1125,6,1
1126,1126,6,1
1127,1127,6,1
1128,1128,6,1
1129,1129,6,1
1130,1130,6,2
1131,1131,6,2
1132,1132,6,2
1133,1133,6,2
1134,1134,6,1
1135,1135,6,1
1136,1136,6,1
1137,1137,6,1
1138,1138,6,1
1139,1139,6,1
1140,1140,6,1
1141,1141,6,1
1142,1142,6,1
1143,1143,6,2
1144,1144,6,2
1145,1145,6,1
1146,1146,6,1
1147,1147,6,1
1148,1148,6,2
1149,1149,6,2
1150,1150,6,2
1151,1151,6,2
1152,1152,6,1
1153,1153,6,1
1154,1154,6,2
1155,1155,6,2
1156,1156,6,2
1157,1157,6,1
1158,1158,6,1
1159,1159,6,1
1160,1160,6,2
1161,1161,6,1
1162,1162,6,2
1163,1163,6,1
1164,1164,6,1
1165,1165,6,2
1166,1166,6,2
1167,1167,6,2
1168,1168,6,1
1169,1169,6,2
1170,1170,6,1
1171,1171,6,1
1172,1172,6,2
1173,1173,6,1
1174,1174,6,2
1175,1175,6,1
1176,1176,6,1
1177,1177,6,1
1178,1178,6,1
1179,1179,6,1
1180,1180,6,1
1181,1181,6,1
1182,1182,6,2
1183,1183,6,1
1184,1184,6,2
1185,1185,6,2
1186,1186,6,2
1187,1187,6,1
1188,1188,6,1
1189,1189,6,1
1190,1190,6,1
1191,1191,6,1
1192,1192,6,1
1193,1193,6,1
1194,1194,6,1
1195,1195,6,2
1196,1196,6,1
1197,1197,6,1
1198,1198,6,2
1199,1199,6,1
1200,1200,6,2
1201,1201,6,1
1202,1202,6,2
1203,1203,6,2
1204,1204,6,2
1205,1205,6,1
1206,1206,6,1
1207,1207,6,1
1208,1208,6,1
1209,1209,6,2
1210,1210,6,1
1211,1211,6,1
1212,1212,6,1
1213,1213,6,2
1214,1214,6,1
1215,1215,6,2
1216,1216,6,1
1217,1217,6,1
1218,1218,6,1
1219,1219,6,1
1220,1220,6,1
1221,1221,6,2
1222,1222,6,1
1223,1223,6,2
1224,1224,6,1
1225,1225,6,2
1226,1226,6,1
1227,1227,6,2
1228,1228,6,2
1229,1229,6,2
1230,1230,6,1
1231,1231,6,1
1232,1232,6,1
1233,1233,6,1
1234,1234,6,1
1235,1235,6,2
1236,1236,6,1
1237,1237,6,1
1238,1238,6,1
1239,1239,6,1
1240,1240,6,1
1241,1241,6,1
1242,1242,6,1
1243,1243,6,1
1244,1244,6,2
1245,1245,6,1
1246,1246,6,1
1247,1247,6,1
1248,1248,6,2
1249,1249,6,1
1250,1250,6,1
1251,1251,6,1
1252,1252,6,2
1253,1253,6,1
1254,1254,6,1
1255,1255,6,1
1256,1256,6,1
1257,1257,6,2
1258,1258,6,2
1259,1259,6,2
1260,1260,6,2
1261,1261,6,2
1262,1262,6,2
1263,1263,6,1
1264,1264,6,1
1265,1265,6,1
1266,1266,6,2
1267,1267,6,1
1268,1268,6,1
1269,1269,6,1
1270,1270,6,1
1271,1271,6,1
1272,1272,6,2
1273,1273,6,1
1274,1274,6,1
1275,1275,6,1
1276,1276,6,1
1277,1277,6,1
1278,1278,6,1
1279,1279,6,1
1280,1280,6,2
1281,1281,6,2
1282,1282,6,2
1283,1283,6,1
1284,1284,6,1
1285,1285,6,1
1286,1286,6,1
1287,1287,6,1
1288,1288,6,1
1289,1289,6,1
1290,1290,6,1
1291,1291,6,1
1292,1292,6,1
1293,1293,6,2
1294,1294,6,2
1295,1295,6,1
1296,1296,6,1
1297,1297,6,1
1298,1298,6,2
1299,1299,6,1
1300,1300,6,1
1301,1301,6,2
1302,1302,6,1
1303,1303,6,1
1304,1304,6,1
1305,1305,6,1
1306,1306,6,2
1307,1307,6,2
1308,1308,6,2
1309,1309,6,1
1310,1310,6,2
1311,1311,6,1
1312,1312,6,1
1313,1313,6,1
1314,1314,6,1
1315,1315,6,1
1316,1316,6,1
1317,1317,6,2
1318,1318,6,2
1319,1319,6,2
1320,1320,6,2
1321,1321,6,1
1322,1322,6,1
1323,1323,6,1
1324,1324,6,2
1325,1325,6,2
1326,1326,6,1
1327,1327,6,1
1328,1328,6,2
1329,1329,6,1
1330,1330,6,1
1331,1331,6,1
1332,1332,6,1
1333,1333,6,1
1334,1334,6,2
1335,1335,6,1
1336,1336,6,1
1337,1337,6,2
1338,1338,6,1
1339,1339,6,1
1340,1340,6,1
1341,1341,6,2
1342,1342,6,2
1343,1343,6,1
1344,1344,6,2
1345,1345,6,2
1346,1346,6,2
1347,1347,6,1
1348,1348,6,1
1349,1349,6,2
1350,1350,6,2
1351,1351,6,2
1352,1352,6,2
1353,1353,6,2
1354,1354,6,1
1355,1355,6,1
1356,1356,6,2
1357,1357,6,1
1358,1358,6,2
1359,1359,6,2
1360,1360,6,2
1361,1361,6,1
1362,1362,6,2
1363,1363,6,1
1364,1364,6,1
1365,1365,6,1
1366,1366,6,2
1367,1367,6,1
1368,1368,6,1
1369,1369,6,1
1370,1370,6,1
1371,1371,6,1
1372,1372,6,1
1373,1373,6,1
1374,1374,6,1
1375,1375,6,1
1376,1376,6,2
1377,1377,6,1
1378,1378,6,2
1379,1379,6,1
1380,1380,6,2
1381,1381,6,1
1382,1382,6,2
1383,1383,6,1
1384,1384,6,2
1385,1385,6,2
1386,1386,6,2
1387,1387,6,2
1388,1388,6,2
1389,1389,6,1
1390,1390,6,1
1391,1391,6,1
1392,1392,6,1
1393,1393,6,1
1394,1394,6,1
1395,1395,6,2
1396,1396,6,2
1397,1397,6,1
1398,1398,6,1
1399,1399,6,2
1400,1400,6,2
1401,1401,6,2
1402,1402,6,1
1403,1403,6,2
1404,1404,6,1
1405,1405,6,1
1406,1406,6,2
1407,1407,6,2
1408,1408,6,2
1409,1409,6,1
1410,1410,6,1
1411,1411,6,1
1412,1412,6,1
1413,1413,6,1
1414,1414,6,2
1415,1415,6,2
1416,1416,6,1
1417,1417,6,2
1418,1418,6,2
1419,1419,6,2
1420,1420,6,1
1421,1421,6,2
1422,1422,6,2
1423,1423,6,2
1424,1424,6,2
1425,1425,6,2
1426,1426,6,1
1427,1427,6,1
1428,1428,6,1
1429,1429,6,2
1430,1430,6,2
1431,1431,6,2
1432,1432,6,1
1433,1433,6,2
1434,1434,6,1
1435,1435,6,1
1436,1436,6,1
1437,1437,6,1
1438,1438,6,1
1439,1439,6,1
1440,1440,6,1
1441,1441,6,1
1442,1442,6,1
1443,1443,6,2
1444,1444,6,2
1445,1445,6,1
1446,1446,6,2
1447,1447,6,1
1448,1448,6,1
1449,1449,6,2
1450,1450,6,1
1451,1451,6,2
1452,1452,6,1
1453,1453,6,2
1454,1454,6,2
1455,1455,6,2
1456,1456,6,2
1457,1457,6,2
1458,1458,6,2
1459,1459,6,2
1460,1460,6,1
1461,1461,6,1
1462,1462,6,2
1463,1463,6,1
1464,1464,6,2
1465,1465,6,2
1466,1466,6,2
1467,1467,6,2
1468,1468,6,1
1469,1469,6,2
1470,1470,6,1
1471,1471,6,2
1472,1472,6,2
1473,1473,6,1
1474,1474,6,2
1475,1475,6,2
1476,1476,6,2
1477,1477,6,2
1478,1478,6,1
1479,1479,6,2
1480,1480,6,2
1481,1481,6,1
1482,1482,6,2
1483,1483,6,2
1484,1484,6,1
1485,1485,6,2
1486,1486,6,1
1487,1487,6,1
1488,1488,6,2
1489,1489,6,1
1490,1490,6,1
1491,1491,6,1
1492,1492,6,1
1493,1493,6,2
1494,1494,6,2
1495,1495,6,1
1496,1496,6,1
1497,1497,6,2
1498,1498,6,1
1499,1499,6,2
1500,1500,6,2
1501,1501,6,2
1502,1502,6,1
1503,1503,6,1
1504,1504,6,2
1505,1505,6,2
1506,1506,6,1
1507,1507,6,2
1508,1508,6,2
1509,1509,6,1
1510,1510,6,2
1511,1511,6,2
1512,1512,6,1
1513,1513,6,1
1514,1514,6,2
1515,1515,6,1
1516,1516,6,1
1517,1517,6,1
1518,1518,6,1
1519,1519,6,1
1520,1520,6,2
1521,1521,6,2
1522,1522,6,2
1523,1523,6,1
1524,1524,6,1
1525,1525,6,2
1526,1526,6,1
1527,1527,6,1
1528,1528,6,1
1529,1529,6,2
1530,1530,6,1
1531,1531,6,2
1532,1532,6,2
1533,1533,6,1
1534,1534,6,2
1535,1535,6,2
1536,1536,6,2
1537,1537,6,1
1538,1538,6,1
1539,1539,6,2
1540,1540,6,1
1541,1541,6,1
1542,1542,6,1
1543,1543,6,2
1544,1544,6,2
1545,1545,6,1
1546,1546,6,2
1547,1547,6,2
1548,1548,6,1
1549,1549,6,2
1550,1550,6,2
1551,1551,6,1
1552,1552,6,2
1553,1553,6,1
1554,1554,6,2
1555,1555,6,1
1556,1556,6,2
1557,1557,6,1
1558,1558,6,2
1559,1559,6,2
1560,1560,6,2
1561,1561,6,2
1562,1562,6,1
1563,1563,6,1
1564,1564,6,2
1565,1565,6,1
1566,1566,6,1
1567,1567,6,1
1568,1568,6,2
1569,1569,6,1
1570,1570,6,2
1571,1571,6,1
1572,1572,6,2
1573,1573,6,2
1574,1574,6,2
1575,1575,6,2
1576,1576,6,2
1577,1577,6,2
1578,1578,6,2
1579,1579,6,1
1580,1580,6,1
1581,1581,6,2
1582,1582,6,2
1583,1583,6,2
1584,1584,6,1
1585,1585,6,1
1586,1586,6,1
1587,1587,6,1
1588,1588,6,1
1589,1589,6,2
1590,1590,6,2
1591,1591,6,1
1592,1592,6,1
1593,1593,6,1
1594,1594,6,1
1595,1595,6,1
1596,1596,6,1
1597,1597,6,1
1598,1598,6,1
1599,1599,6,2
1600,1600,6,2
1601,1601,6,1
1602,1602,6,1
1603,1603,6,1
1604,1604,6,2
1605,1605,6,1
1606,1606,6,1
1607,1607,6,2
1608,1608,6,1
1609,1609,6,1
1610,1610,6,2
1611,1611,6,2
1612,1612,6,1
1613,1613,6,2
1614,1614,6,1
1615,1615,6,1
1616,1616,6,1
1617,1617,6,1
1618,1618,6,2
1619,1619,6,1
1620,1620,6,1
1621,1621,6,1
1622,1622,6,1
1623,1623,6,1
1624,1624,6,2
1625,1625,6,1
1626,1626,6,2
1627,1627,6,1
1628,1628,6,1
1629,1629,6,2
1630,1630,6,2
1631,1631,6,1
1632,1632,6,1
1633,1633,6,1
1634,1634,6,2
1635,1635,6,2
1636,1636,6,1
1637,1637,6,1
1638,1638,6,1
1639,1639,6,1
1640,1640,6,1
1641,1641,6,2
1642,1642,6,1
1643,1643,6,2
1644,1644,6,2
1645,1645,6,2
1646,1646,6,2
1647,1647,6,2
1648,1648,6,2
1649,1649,6,1
1650,1650,6,2
1651,1651,6,1
1652,1652,6,1
1653,1653,6,2
1654,1654,6,2
1655,1655,6,1
1656,1656,6,1
1657,1657,6,1
1658,1658,6,1
1659,1659,6,2
1660,1660,6,1
1661,1661,6,2
1662,1662,6,1
1663,1663,6,2
1664,1664,6,1
1665,1665,6,2
1666,1666,6,2
1667,1667,6,1
1668,1668,6,2
1669,1669,6,2
1670,1670,6,1
1671,1671,6,1
1672,1672,6,1
1673,1673,6,1
1674,1674,6,2
1675,1675,6,1
1676,1676,6,2
1677,1677,6,2
1678,1678,6,2
1679,1679,6,1
1680,1680,6,1
1681,1681,6,2
1682,1682,6,2
1683,1683,6,1
1684,1684,6,1
1685,1685,6,1
1686,1686,6,1
1687,1687,6,1
1688,1688,6,2
1689,1689,6,1
1690,1690,6,1
1691,1691,6,1
1692,1692,6,2
1693,1693,6,1
1694,1694,6,1
1695,1695,6,2
1696,1696,6,1
1697,1697,6,1
1698,1698,6,1
1699,1699,6,1
1700,1700,6,2
1701,1701,6,1
1702,1702,6,1
1703,1703,6,1
1704,1704,6,2
1705,1705,6,1
1706,1706,6,2
1707,1707,6,1
1708,1708,6,1
1709,1709,6,1
1710,1710,6,1
1711,1711,6,1
1712,1712,6,1
1713,1713,6,1
1714,1714,6,1
1715,1715,6,2
1716,1716,6,1
1717,1717,6,2
1718,1718,6,2
1719,1719,6,1
1720,1720,6,1
1721,1721,6,1
1722,1722,6,2
1723,1723,6,2
1724,1724,6,2
1725,1725,6,1
1726,1726,6,1
1727,1727,6,1
1728,1728,6,2
1729,1729,6,2
1730,1730,6,1
1731,1731,6,2
1732,1732,6,2
1733,1733,6,1
1734,1734,6,2
1735,1735,6,2
1736,1736,6,1
1737,1737,6,1
1738,1738,6,1
1739,1739,6,1
1740,1740,6,2
1741,1741,6,1
1742,1742,6,2
1743,1743,6,2
1744,1744,6,1
1745,1745,6,2
1746,1746,6,2
1747,1747,6,2
1748,1748,6,1
1749,1749,6,1
1750,1750,6,1
1751,1751,6,2
1752,1752,6,1
1753,1753,6,1
1754,1754,6,2
1755,1755,6,1
1756,1756,6,2
1757,1757,6,2
1758,1758,6,2
1759,1759,6,1
1760,1760,6,1
1761,1761,6,2
1762,1762,6,1
1763,1763,6,1
1764,1764,6,2
1765,1765,6,1
1766,1766,6,1
1767,1767,6,2
1768,1768,6,1
1769,1769,6,2
1770,1770,6,2
1771,1771,6,1
1772,1772,6,1
1773,1773,6,1
1774,1774,6,2
1775,1775,6,1
1776,1776,6,1
1777,1777,6,1
1778,1778,6,2
1779,1779,6,1
1780,1780,6,1
1781,1781,6,1
1782,1782,6,1
1783,1783,6,2
1784,1784,6,2
1785,1785,6,2
1786,1786,6,2
1787,1787,6,1
1788,1788,6,1
1789,1789,6,1
1790,1790,6,1
1791,1791,6,1
1792,1792,6,1
1793,1793,6,1
1794,1794,6,1
1795,1795,6,2
1796,1796,6,1
1797,1797,6,1
1798,1798,6,1
1799,1799,6,2
1800,1800,6,2
1801,1801,6,1
1802,1802,6,1
1803,1803,6,1
1804,1804,6,1
1805,1805,6,1
1806,1806,6,1
1807,1807,6,2
1808,1808,6,1
1809,1809,6,1
1810,1810,6,2
1811,1811,6,1
1812,1812,6,1
1813,1813,6,1
1814,1814,6,2
1815,1815,6,1
1816,1816,6,1
1817,1817,6,1
1818,1818,6,1
1819,1819,6,2
1820,1820,6,1
1821,1821,6,1
1822,1822,6,2
1823,1823,6,1
1824,1824,6,1
1825,1825,6,2
1826,1826,6,2
1827,1827,6,2
1828,1828,6,1
1829,1829,6,2
1830,1830,6,1
1831,1831,6,2
1832,1832,6,2
1833,1833,6,1
1834,1834,6,2
1835,1835,6,1
1836,1836,6,1
1837,1837,6,1
1838,1838,6,1
1839,1839,6,2
1840,1840,6,1
1841,1841,6,2
1842,1842,6,2
1843,1843,6,1
1844,1844,6,1
1845,1845,6,1
1846,1846,6,1
1847,1847,6,1
1848,1848,6,1
1849,1849,6,1
1850,1850,6,1
1851,1851,6,2
1852,1852,6,1
1853,1853,6,2
1854,1854,6,1
1855,1855,6,2
1856,1856,6,1
1857,1857,6,1
1858,1858,6,2
1859,1859,6,1
1860,1860,6,2
1861,1861,6,2
1862,1862,6,1
1863,1863,6,1
1864,1864,6,1
1865,1865,6,2
1866,1866,6,1
1867,1867,6,1
1868,1868,6,1
1869,1869,6,1
1870,1870,6,2
1871,1871,6,1
1872,1872,6,1
1873,1873,6,1
1874,1874,6,2
1875,1875,6,2
1876,1876,6,2
1877,1877,6,1
1878,1878,6,2
1879,1879,6,2
1880,1880,6,2
1881,1881,6,1
1882,1882,6,1
1883,1883,6,1
1884,1884,6,1
1885,1885,6,2
1886,1886,6,1
1887,1887,6,2
1888,1888,6,1
1889,1889,6,1
1890,1890,6,1
1891,1891,6,1
1892,1892,6,1
1893,1893,6,1
1894,1894,6,2
1895,1895,6,2
1896,1896,6,1
1897,1897,6,1
1898,1898,6,2
1899,1899,6,2
1900,1900,6,1
1901,1901,6,1
1902,1902,6,1
1903,1903,6,2
1904,1904,6,1
1905,1905,6,1
1906,1906,6,1
1907,1907,6,2
1908,1908,6,1
1909,1909,6,2
1910,1910,6,1
1911,1911,6,2
1912,1912,6,2
1913,1913,6,1
1914,1914,6,1
1915,1915,6,1
1916,1916,6,1
1917,1917,6,1
1918,1918,6,1
1919,1919,6,1
1920,1920,6,1
1921,1921,6,2
1922,1922,6,1
1923,1923,6,2
1924,1924,6,1
1925,1925,6,2
1926,1926,6,1
1927,1927,6,1
1928,1928,6,2
1929,1929,6,1
1930,1930,6,1
1931,1931,6,2
1932,1932,6,1
1933,1933,6,2
1934,1934,6,1
1935,1935,6,1
1936,1936,6,1
1937,1937,6,2
1938,1938,6,2
1939,1939,6,2
1940,1940,6,2
1941,1941,6,2
1942,1942,6,2
1943,1943,6,1
1944,1944,6,1
1945,1945,6,2
1946,1946,6,2
1947,1947,6,2
1948,1948,6,1
1949,1949,6,1
1950,1950,6,1
1951,1951,6,1
1952,1952,6,1
1953,1953,6,2
1954,1954,6,1
1955,1955,6,2
1956,1956,6,1
1957,1957,6,1
1958,1958,6,1
1959,1959,6,2
1960,1960,6,1
1961,1961,6,1
1962,1962,6,2
1963,1963,6,2
1964,1964,6,1
1965,1965,6,2
1966,1966,6,2
1967,1967,6,2
1968,1968,6,1
1969,1969,6,1
1970,1970,6,1
1971,1971,6,1
1972,1972,6,1
1973,1973,6,1
1974,1974,6,2
1975,1975,6,1
1976,1976,6,1
1977,1977,6,1
1978,1978,6,1
1979,1979,6,1
1980,1980,6,2
1981,1981,6,1
1982,1982,6,2
1983,1983,6,1
1984,1984,6,2
1985,1985,6,2
1986,1986,6,1
1987,1987,6,2
1988,1988,6,2
1989,1989,6,2
1990,1990,6,2
1991,1991,6,1
1992,1992,6,2
1993,1993,6,1
1994,1994,6,1
1995,1995,6,1
1996,1996,6,1
1997,1997,6,1
1998,1998,6,1
1999,1999,6,1
2000,2000,6,2
2001,2001,6,1
2002,2002,6,2
2003,2003,6,1
2004,2004,6,1
2005,2005,6,2
2006,2006,6,1
2007,2007,6,2
2008,2008,6,1
2009,2009,6,1
2010,2010,6,1
2011,2011,6,1
2012,2012,6,1
2013,2013,6,1
2014,2014,6,2
2015,2015,6,1
2016,2016,6,2
2017,2017,6,2
2018,2018,6,1
2019,2019,6,2
2020,2020,6,2
2021,2021,6,1
2022,2022,6,2
2023,2023,6,2
2024,2024,6,2
2025,2025,6,1
2026,2026,6,2
2027,2027,6,2
2028,2028,6,1
2029,2029,6,2
2030,2030,6,2
2031,2031,6,2
2032,2032,6,1
2033,2033,6,2
2034,2034,6,2
2035,2035,6,2
2036,2036,6,1
2037,2037,6,1
2038,2038,6,2
2039,2039,6,1
2040,2040,6,1
2041,2041,6,2
2042,2042,6,1
2043,2043,6,1
2044,2044,6,1
2045,2045,6,1
2046,2046,6,1
2047,2047,6,2
2048,2048,6,2
2049,2049,6,1
2050,2050,6,1
2051,2051,6,2
2052,2052,6,2
2053,2053,6,2
2054,2054,6,1
2055,2055,6,2
2056,2056,6,2
2057,2057,6,2
2058,2058,6,2
2059,2059,6,2
2060,2060,6,1
2061,2061,6,1
2062,2062,6,1
2063,2063,6,1
2064,2064,6,1
2065,2065,6,1
2066,2066,6,1
2067,2067,6,1
2068,2068,6,1
2069,2069,6,1
2070,2070,6,2
2071,2071,6,1
2072,2072,6,1
2073,2073,6,2
2074,2074,6,2
2075,2075,6,1
2076,2076,6,2
2077,2077,6,1
2078,2078,6,1
2079,2079,6,2
2080,2080,6,2
2081,2081,6,2
2082,2082,6,1
2083,2083,6,1
2084,2084,6,2
2085,2085,6,2
2086,2086,6,2
2087,2087,6,1
2088,2088,6,1
2089,2089,6,2
2090,2090,6,1
2091,2091,6,1
2092,2092,6,2
2093,2093,6,1
2094,2094,6,2
2095,2095,6,1
2096,2096,6,1
2097,2097,6,2
2098,2098,6,1
2099,2099,6,1
2100,2100,6,1
2101,2101,6,2
2102,2102,6,1
2103,2103,6,2
2104,2104,6,2
2105,2105,6,2
2106,2106,6,2
2107,2107,6,2
2108,2108,6,1
2109,2109,6,2
2110,2110,6,1
2111,2111,6,2
2112,2112,6,2
2113,2113,6,2
2114,2114,6,1
2115,2115,6,1
2116,2116,6,2
2117,2117,6,2
2118,2118,6,2
2119,2119,6,1
2120,2120,6,2
2121,2121,6,2
2122,2122,6,2
2123,2123,6,1
2124,2124,6,2
2125,2125,6,2
2126,2126,6,1
2127,2127,6,1
2128,2128,6,1
2129,2129,6,2
2130,2130,6,2
2131,2131,6,1
2132,2132,6,1
2133,2133,6,1
2134,2134,6,2
2135,2135,6,1
2136,2136,6,2
2137,2137,6,2
2138,2138,6,2
2139,2139,6,2
2140,2140,6,1
2141,2141,6,1
2142,2142,6,1
2143,2143,6,1
2144,2144,6,2
2145,2145,6,2
2146,2146,6,2
2147,2147,6,1
2148,2148,6,2
2149,2149,6,1
2150,2150,6,2
2151,2151,6,1
2152,2152,6,1
2153,2153,6,2
2154,2154,6,1
2155,2155,6,1
2156,2156,6,2
2157,2157,6,2
2158,2158,6,2
2159,2159,6,1
2160,2160,6,2
2161,2161,6,1
2162,2162,6,2
2163,2163,6,1
2164,2164,6,1
2165,2165,6,1
2166,2166,6,1
2167,2167,6,1
2168,2168,6,2
2169,2169,6,1
2170,2170,6,2
2171,2171,6,1
2172,2172,6,1
2173,2173,6,1
2174,2174,6,2
2175,2175,6,1
2176,2176,6,1
2177,2177,6,2
2178,2178,6,2
2179,2179,6,1
2180,2180,6,2
2181,2181,6,2
2182,2182,6,1
2183,2183,6,1
2184,2184,6,1
2185,2185,6,2
2186,2186,6,1
2187,2187,6,2
2188,2188,6,2
2189,2189,6,1
2190,2190,6,2
2191,2191,6,1
2192,2192,6,2
2193,2193,6,2
2194,2194,6,1
2195,2195,6,2
2196,2196,6,1
2197,2197,6,2
2198,2198,6,2
2199,2199,6,1
2200,2200,6,1
2201,2201,6,2
2202,2202,6,1
2203,2203,6,1
2204,2204,6,2
2205,2205,6,1
2206,2206,6,1
2207,2207,6,1
2208,2208,6,1
2209,2209,6,1
2210,2210,6,1
2211,2211,6,1
2212,2212,6,1
2213,2213,6,1
2214,2214,6,2
2215,2215,6,1
2216,2216,6,2
2217,2217,6,1
2218,2218,6,2
2219,2219,6,1
2220,2220,6,1
2221,2221,6,1
2222,2222,6,2
2223,2223,6,1
2224,2224,6,1
2225,2225,6,1
2226,2226,6,2
2227,2227,6,1
2228,2228,6,2
2229,2229,6,1
2230,2230,6,2
2231,2231,6,2
2232,2232,6,2
2233,2233,6,2
2234,2234,6,2
2235,2235,6,2
2236,2236,6,1
2237,2237,6,2
2238,2238,6,1
2239,2239,6,2
2240,2240,6,2
2241,2241,6,1
2242,2242,6,2
2243,2243,6,2
2244,2244,6,1
2245,2245,6,1
2246,2246,6,2
2247,2247,6,1
2248,2248,6,1
2249,2249,6,2
2250,2250,6,1
2251,2251,6,2
2252,2252,6,1
2253,2253,6,1
2254,2254,6,1
2255,2255,6,1
2256,2256,6,1
2257,2257,6,1
2258,2258,6,2
2259,2259,6,1
2260,2260,6,2
2261,2261,6,1
2262,2262,6,2
2263,2263,6,1
2264,2264,6,1
2265,2265,6,1
2266,2266,6,1
2267,2267,6,1
2268,2268,6,1
2269,2269,6,1
2270,2270,6,2
2271,2271,6,1
2272,2272,6,2
2273,2273,6,2
2274,2274,6,1
2275,2275,6,1
2276,2276,6,1
2277,2277,6,1
2278,2278,6,2
2279,2279,6,2
2280,2280,6,1
2281,2281,6,2
2282,2282,6,2
2283,2283,6,2
2284,2284,6,2
2285,2285,6,1
2286,2286,6,1
2287,2287,6,1
2288,2288,6,1
2289,2289,6,2
2290,2290,6,2
2291,2291,6,1
2292,2292,6,2
2293,2293,6,1
2294,2294,6,1
2295,2295,6,2
2296,2296,6,1
2297,2297,6,2
2298,2298,6,1
2299,2299,6,2
2300,2300,6,2
2301,2301,6,1
2302,2302,6,2
2303,2303,6,1
2304,2304,6,1
2305,2305,6,2
2306,2306,6,1
2307,2307,6,2
2308,2308,6,2
2309,2309,6,2
2310,2310,6,2
2311,2311,6,1
2312,2312,6,2
2313,2313,6,1
2314,2314,6,1
2315,2315,6,1
2316,2316,6,2
2317,2317,6,2
2318,2318,6,1
2319,2319,6,2
2320,2320,6,1
2321,2321,6,1
2322,2322,6,1
2323,2323,6,2
2324,2324,6,2
2325,2325,6,1
2326,2326,6,1
2327,2327,6,1
2328,2328,6,1
2329,2329,6,2
2330,2330,6,1
2331,2331,6,2
2332,2332,6,2
2333,2333,6,1
2334,2334,6,1
2335,2335,6,1
2336,2336,6,2
2337,2337,6,1
2338,2338,6,1
2339,2339,6,1
2340,2340,6,1
2341,2341,6,1
2342,2342,6,1
2343,2343,6,1
2344,2344,6,2
2345,2345,6,2
2346,2346,6,1
2347,2347,6,2
2348,2348,6,1
2349,2349,6,1
2350,2350,6,1
2351,2351,6,1
2352,2352,6,1
2353,2353,6,1
2354,2354,6,1
2355,2355,6,1
2356,2356,6,2
2357,2357,6,1
2358,2358,6,1
2359,2359,6,1
2360,2360,6,2
2361,2361,6,1
2362,2362,6,2
2363,2363,6,1
2364,2364,6,1
2365,2365,6,2
2366,2366,6,1
2367,2367,6,2
2368,2368,6,2
2369,2369,6,2
2370,2370,6,1
2371,2371,6,1
2372,2372,6,2
2373,2373,6,1
2374,2374,6,1
2375,2375,6,2
2376,2376,6,1
2377,2377,6,1
2378,2378,6,1
2379,2379,6,2
2380,2380,6,2
2381,2381,6,1
2382,2382,6,2
2383,2383,6,2
2384,2384,6,2
2385,2385,6,2
2386,2386,6,1
2387,2387,6,1
2388,2388,6,2
2389,2389,6,2
2390,2390,6,2
2391,2391,6,1
2392,2392,6,1
2393,2393,6,1
2394,2394,6,1
2395,2395,6,1
2396,2396,6,2
2397,2397,6,2
2398,2398,6,2
2399,2399,6,1
2400,2400,6,2
2401,2401,6,1
2402,2402,6,1
2403,2403,6,2
2404,2404,6,1
2405,2405,6,1
2406,2406,6,2
2407,2407,6,1
2408,2408,6,1
2409,2409,6,1
2410,2410,6,1
2411,2411,6,1
2412,2412,6,1
2413,2413,6,1
2414,2414,6,2
2415,2415,6,2
2416,2416,6,1
2417,2417,6,1
2418,2418,6,1
2419,2419,6,2
2420,2420,6,1
2421,2421,6,2
2422,2422,6,1
2423,2423,6,1
2424,2424,6,1
2425,2425,6,1
2426,2426,6,2
2427,2427,6,2
2428,2428,6,1
2429,2429,6,1
2430,2430,6,2
2431,2431,6,1
2432,2432,6,2
2433,2433,6,1
2434,2434,6,2
2435,2435,6,1
2436,2436,6,2
2437,2437,6,1
2438,2438,6,1
2439,2439,6,1
2440,2440,6,1
2441,2441,6,2
2442,2442,6,1
2443,2443,6,2
2444,2444,6,1
2445,2445,6,2
2446,2446,6,1
2447,2447,6,1
2448,2448,6,2
2449,2449,6,1
2450,2450,6,2
2451,2451,6,2
2452,2452,6,2
2453,2453,6,2
2454,2454,6,1
2455,2455,6,1
2456,2456,6,1
2457,2457,6,1
2458,2458,6,2
2459,2459,6,1
2460,2460,6,1
2461,2461,6,1
2462,2462,6,1
2463,2463,6,2
2464,2464,6,2
2465,2465,6,2
2466,2466,6,1
2467,2467,6,1
2468,2468,6,2
2469,2469,6,1
2470,2470,6,1
2471,2471,6,2
2472,2472,6,1
2473,2473,6,2
2474,2474,6,2
2475,2475,6,1
2476,2476,6,1
2477,2477,6,2
2478,2478,6,1
2479,2479,6,2
2480,2480,6,2
2481,2481,6,2
2482,2482,6,1
2483,2483,6,2
2484,2484,6,1
2485,2485,6,2
2486,2486,6,1
2487,2487,6,2
2488,2488,6,1
2489,2489,6,2
2490,2490,6,2
2491,2491,6,2
2492,2492,6,2
2493,2493,6,1
2494,2494,6,2
2495,2495,6,1
2496,2496,6,2
2497,2497,6,2
2498,2498,6,2
2499,2499,6,1
2500,2500,6,1
2501,2501,6,2
2502,2502,6,2
2503,2503,6,1
2504,2504,6,1
2505,2505,6,1
2506,2506,6,2
2507,2507,6,1
2508,2508,6,2
2509,2509,6,1
2510,2510,6,2
2511,2511,6,2
2512,2512,6,2
2513,2513,6,1
2514,2514,6,2
2515,2515,6,1
2516,2516,6,2
2517,2517,6,2
2518,2518,6,2
2519,2519,6,2
2520,2520,6,1
2521,2521,6,2
2522,2522,6,2
2523,2523,6,2
2524,2524,6,1
2525,2525,6,1
2526,2526,6,2
2527,2527,6,2
2528,2528,6,2
2529,2529,6,1
2530,2530,6,1
2531,2531,6,1
2532,2532,6,2
2533,2533,6,1
2534,2534,6,1
2535,2535,6,2
2536,2536,6,2
2537,2537,6,2
2538,2538,6,1
2539,2539,6,1
2540,2540,6,2
2541,2541,6,2
2542,2542,6,2
2543,2543,6,1
2544,2544,6,1
2545,2545,6,1
2546,2546,6,1
2547,2547,6,2
2548,2548,6,2
2549,2549,6,1
2550,2550,6,2
2551,2551,6,1
2552,2552,6,2
2553,2553,6,1
2554,2554,6,1
2555,2555,6,1
2556,2556,6,2
2557,2557,6,1
2558,2558,6,1
2559,2559,6,1
2560,2560,6,2
2561,2561,6,1
2562,2562,6,2
2563,2563,6,2
2564,2564,6,2
2565,2565,6,1
2566,2566,6,1
2567,2567,6,1
2568,2568,6,1
2569,2569,6,1
2570,2570,6,1
2571,2571,6,1
2572,2572,6,1
2573,2573,6,2
2574,2574,6,1
2575,2575,6,2
2576,2576,6,1
2577,2577,6,2
2578,2578,6,1
2579,2579,6,1
2580,2580,6,2
2581,2581,6,1
2582,2582,6,1
2583,2583,6,1
2584,2584,6,1
2585,2585,6,2
2586,2586,6,2
2587,2587,6,1
2588,2588,6,1
2589,2589,6,1
2590,2590,6,2
2591,2591,6,1
2592,2592,6,1
2593,2593,6,2
2594,2594,6,1
2595,2595,6,2
2596,2596,6,2
2597,2597,6,1
2598,2598,6,1
2599,2599,6,2
2600,2600,6,1
2601,2601,6,2
2602,2602,6,1
2603,2603,6,1
2604,2604,6,1
2605,2605,6,1
2606,2606,6,1
2607,2607,6,1
2608,2608,6,1
2609,2609,6,2
2610,2610,6,1
2611,2611,6,1
2612,2612,6,1
2613,2613,6,1
2614,2614,6,1
2615,2615,6,2
2616,2616,6,1
2617,2617,6,1
2618,2618,6,1
2619,2619,6,1
2620,2620,6,1
2621,2621,6,2
2622,2622,6,2
2623,2623,6,1
2624,2624,6,2
2625,2625,6,2
2626,2626,6,1
2627,2627,6,1
2628,2628,6,1
2629,2629,6,1
2630,2630,6,2
2631,2631,6,1
2632,2632,6,2
2633,2633,6,1
2634,2634,6,1
2635,2635,6,2
2636,2636,6,1
2637,2637,6,1
2638,2638,6,2
2639,2639,6,2
2640,2640,6,1
2641,2641,6,1
2642,2642,6,1
2643,2643,6,1
2644,2644,6,2
2645,2645,6,2
2646,2646,6,2
2647,2647,6,1
2648,2648,6,1
2649,2649,6,1
2650,2650,6,1
2651,2651,6,1
2652,2652,6,2
2653,2653,6,1
2654,2654,6,1
2655,2655,6,2
2656,2656,6,1
2657,2657,6,2
2658,2658,6,2
2659,2659,6,2
2660,2660,6,2
2661,2661,6,2
2662,2662,6,1
2663,2663,6,2
2664,2664,6,1
2665,2665,6,1
2666,2666,6,1
2667,2667,6,1
2668,2668,6,1
2669,2669,6,2
2670,2670,6,1
2671,2671,6,1
2672,2672,6,2
2673,2673,6,2
2674,2674,6,1
2675,2675,6,1
2676,2676,6,1
2677,2677,6,1
2678,2678,6,2
2679,2679,6,1
2680,2680,6,2
2681,2681,6,2
2682,2682,6,2
2683,2683,6,1
2684,2684,6,1
2685,2685,6,1
2686,2686,6,2
2687,2687,6,2
2688,2688,6,1
2689,2689,6,1
2690,2690,6,1
2691,2691,6,1
2692,2692,6,1
2693,2693,6,2
2694,2694,6,2
2695,2695,6,2
2696,2696,6,2
2697,2697,6,2
2698,2698,6,1
2699,2699,6,1
2700,2700,6,1
2701,2701,6,2
2702,2702,6,2
2703,2703,6,2
2704,2704,6,1
2705,2705,6,1
2706,2706,6,2
2707,2707,6,1
2708,2708,6,2
2709,2709,6,1
2710,2710,6,1
2711,2711,6,2
2712,2712,6,2
2713,2713,6,1
2714,2714,6,2
2715,2715,6,2
2716,2716,6,1
2717,2717,6,1
2718,2718,6,1
2719,2719,6,1
2720,2720,6,2
2721,2721,6,1
2722,2722,6,1
2723,2723,6,2
2724,2724,6,2
2725,2725,6,2
2726,2726,6,2
2727,2727,6,1
2728,2728,6,2
2729,2729,6,2
2730,2730,6,2
2731,2731,6,1
2732,2732,6,2
2733,2733,6,1
2734,2734,6,2
2735,2735,6,1
2736,2736,6,1
2737,2737,6,1
2738,2738,6,1
2739,2739,6,1
2740,2740,6,2
2741,2741,6,1
2742,2742,6,1
2743,2743,6,1
2744,2744,6,1
2745,2745,6,1
2746,2746,6,1
2747,2747,6,2
2748,2748,6,1
2749,2749,6,1
2750,2750,6,1
2751,2751,6,1
2752,2752,6,2
2753,2753,6,1
2754,2754,6,2
2755,2755,6,2
2756,2756,6,1
2757,2757,6,1
2758,2758,6,1
2759,2759,6,2
2760,2760,6,1
2761,2761,6,2
2762,2762,6,2
2763,2763,6,1
2764,2764,6,1
2765,2765,6,1
2766,2766,6,1
2767,2767,6,1
2768,2768,6,1
2769,2769,6,1
2770,2770,6,2
2771,2771,6,1
2772,2772,6,2
2773,2773,6,2
2774,2774,6,1
2775,2775,6,1
2776,2776,6,2
2777,2777,6,1
2778,2778,6,1
2779,2779,6,1
2780,2780,6,2
2781,2781,6,1
2782,2782,6,2
2783,2783,6,2
2784,2784,6,1
2785,2785,6,2
2786,2786,6,1
2787,2787,6,1
2788,2788,6,2
2789,2789,6,1
2790,2790,6,2
2791,2791,6,1
2792,2792,6,1
2793,2793,6,1
2794,2794,6,2
2795,2795,6,2
2796,2796,6,1
2797,2797,6,2
2798,2798,6,2
2799,2799,6,1
2800,2800,6,1
2801,2801,6,1
2802,2802,6,2
2803,2803,6,1
2804,2804,6,1
2805,2805,6,1
2806,2806,6,2
2807,2807,6,1
2808,2808,6,2
2809,2809,6,1
2810,2810,6,1
2811,2811,6,1
2812,2812,6,1
2813,2813,6,1
2814,2814,6,1
2815,2815,6,1
2816,2816,6,2
2817,2817,6,2
2818,2818,6,1
2819,2819,6,1
2820,2820,6,1
2821,2821,6,2
2822,2822,6,2
2823,2823,6,1
2824,2824,6,1
2825,2825,6,2
2826,2826,6,1
2827,2827,6,1
2828,2828,6,2
2829,2829,6,1
2830,2830,6,2
2831,2831,6,1
2832,2832,6,1
2833,2833,6,2
2834,2834,6,1
2835,2835,6,1
2836,2836,6,1
2837,2837,6,1
2838,2838,6,2
2839,2839,6,1
2840,2840,6,1
2841,2841,6,2
2842,2842,6,1
2843,2843,6,2
2844,2844,6,2
2845,2845,6,1
2846,2846,6,1
2847,2847,6,1
2848,2848,6,1
2849,2849,6,1
2850,2850,6,2
2851,2851,6,1
2852,2852,6,2
2853,2853,6,1
2854,2854,6,2
2855,2855,6,1
2856,2856,6,2
2857,2857,6,2
2858,2858,6,1
2859,2859,6,1
2860,2860,6,1
2861,2861,6,1
2862,2862,6,2
2863,2863,6,2
2864,2864,6,1
2865,2865,6,1
2866,2866,6,2
2867,2867,6,2
2868,2868,6,2
2869,2869,6,1
2870,2870,6,1
2871,2871,6,1
2872,2872,6,2
2873,2873,6,1
2874,2874,6,2
2875,2875,6,2
2876,2876,6,2
2877,2877,6,1
2878,2878,6,1
2879,2879,6,2
2880,2880,6,1
2881,2881,6,2
2882,2882,6,1
2883,2883,6,1
2884,2884,6,1
2885,2885,6,2
2886,2886,6,1
2887,2887,6,1
2888,2888,6,1
2889,2889,6,2
2890,2890,6,1
2891,2891,6,1
2892,2892,6,1
2893,2893,6,1
2894,2894,6,2
2895,2895,6,2
2896,2896,6,1
2897,2897,6,1
2898,2898,6,1
2899,2899,6,1
2900,2900,6,2
2901,2901,6,1
2902,2902,6,1
2903,2903,6,1
2904,2904,6,1
2905,2905,6,1
2906,2906,6,2
2907,2907,6,1
2908,2908,6,2
2909,2909,6,1
2910,2910,6,2
2911,2911,6,1
2912,2912,6,1
2913,2913,6,2
2914,2914,6,2
2915,2915,6,2
2916,2916,6,1
2917,2917,6,1
2918,2918,6,2
2919,2919,6,1
2920,2920,6,1
2921,2921,6,1
2922,2922,6,1
2923,2923,6,1
2924,2924,6,2
2925,2925,6,2
2926,2926,6,2
2927,2927,6,1
2928,2928,6,2
2929,2929,6,1
2930,2930,6,1
2931,2931,6,1
2932,2932,6,2
2933,2933,6,2
2934,2934,6,2
2935,2935,6,2
2936,2936,6,1
2937,2937,6,1
2938,2938,6,1
2939,2939,6,1
2940,2940,6,1
2941,2941,6,1
2942,2942,6,2
2943,2943,6,1
2944,2944,6,1
2945,2945,6,1
2946,2946,6,2
2947,2947,6,2
2948,2948,6,2
2949,2949,6,2
2950,2950,6,2
2951,2951,6,1
2952,2952,6,1
2953,2953,6,2
2954,2954,6,2
2955,2955,6,1
2956,2956,6,2
2957,2957,6,1
2958,2958,6,2
2959,2959,6,2
2960,2960,6,1
2961,2961,6,1
2962,2962,6,2
2963,2963,6,1
2964,2964,6,2
2965,2965,6,2
2966,2966,6,1
2967,2967,6,2
2968,2968,6,1
2969,2969,6,1
2970,2970,6,1
2971,2971,6,2
2972,2972,6,1
2973,2973,6,2
2974,2974,6,1
2975,2975,6,1
2976,2976,6,1
2977,2977,6,1
2978,2978,6,1
2979,2979,6,2
2980,2980,6,2
2981,2981,6,2
2982,2982,6,1
2983,2983,6,1
2984,2984,6,1
2985,2985,6,2
2986,2986,6,1
2987,2987,6,2
2988,2988,6,1
2989,2989,6,2
2990,2990,6,2
2991,2991,6,2
2992,2992,6,1
2993,2993,6,2
2994,2994,6,2
2995,2995,6,2
2996,2996,6,1
2997,2997,6,1
2998,2998,6,2
2999,2999,6,1
3000,3000,6,2
3001,3001,6,1
3002,3002,6,2
3003,3003,6,1
3004,3004,6,2
3005,3005,6,1
3006,3006,6,2
3007,3007,6,1
3008,3008,6,2
3009,3009,6,1
3010,3010,6,2
3011,3011,6,2
3012,3012,6,1
3013,3013,6,2
3014,3014,6,1
3015,3015,6,1
3016,3016,6,2
3017,3017,6,1
3018,3018,6,2
3019,3019,6,1
3020,3020,6,2
3021,3021,6,1
3022,3022,6,1
3023,3023,6,1
3024,3024,6,1
3025,3025,6,1
3026,3026,6,2
3027,3027,6,1
3028,3028,6,2
3029,3029,6,1
3030,3030,6,1
3031,3031,6,1
3032,3032,6,1
3033,3033,6,2
3034,3034,6,1
3035,3035,6,1
3036,3036,6,2
3037,3037,6,2
3038,3038,6,1
3039,3039,6,1
3040,3040,6,1
3041,3041,6,1
3042,3042,6,2
3043,3043,6,1
3044,3044,6,1
3045,3045,6,1
3046,3046,6,2
3047,3047,6,1
3048,3048,6,2
3049,3049,6,2
3050,3050,6,2
3051,3051,6,2
3052,3052,6,1
3053,3053,6,2
3054,3054,6,2
3055,3055,6,1
3056,3056,6,1
3057,3057,6,1
3058,3058,6,1
3059,3059,6,1
3060,3060,6,1
3061,3061,6,1
3062,3062,6,2
3063,3063,6,1
3064,3064,6,2
3065,3065,6,1
3066,3066,6,2
3067,3067,6,1
3068,3068,6,1
3069,3069,6,1
3070,3070,6,1
3071,3071,6,2
3072,3072,6,1
3073,3073,6,1
3074,3074,6,2
3075,3075,6,1
3076,3076,6,2
3077,3077,6,2
3078,3078,6,2
3079,3079,6,1
3080,3080,6,2
3081,3081,6,2
3082,3082,6,1
3083,3083,6,1
3084,3084,6,2
3085,3085,6,1
3086,3086,6,2
3087,3087,6,1
3088,3088,6,1
3089,3089,6,1
3090,3090,6,2
3091,3091,6,1
3092,3092,6,1
3093,3093,6,2
3094,3094,6,1
3095,3095,6,1
3096,3096,6,2
3097,3097,6,2
3098,3098,6,1
3099,3099,6,1
3100,3100,6,2
3101,3101,6,1
3102,3102,6,1
3103,3103,6,1
3104,3104,6,2
3105,3105,6,1
3106,3106,6,1
3107,3107,6,1
3108,3108,6,2
3109,3109,6,1
3110,3110,6,2
3111,3111,6,1
3112,3112,6,2
3113,3113,6,1
3114,3114,6,1
3115,3115,6,2
3116,3116,6,1
3117,3117,6,2
3118,3118,6,2
3119,3119,6,1
3120,3120,6,2
3121,3121,6,2
3122,3122,6,1
3123,3123,6,1
3124,3124,6,2
3125,3125,6,1
3126,3126,6,1
3127,3127,6,2
3128,3128,6,1
3129,3129,6,1
3130,3130,6,2
3131,3131,6,2
3132,3132,6,2
3133,3133,6,1
3134,3134,6,1
3135,3135,6,2
3136,3136,6,1
3137,3137,6,1
3138,3138,6,1
3139,3139,6,1
3140,3140,6,2
3141,3141,6,2
3142,3142,6,2
3143,3143,6,2
3144,3144,6,1
3145,3145,6,1
3146,3146,6,1
3147,3147,6,1
3148,3148,6,2
3149,3149,6,2
3150,3150,6,1
3151,3151,6,2
3152,3152,6,1
3153,3153,6,2
3154,3154,6,2
3155,3155,6,1
3156,3156,6,1
3157,3157,6,2
3158,3158,6,1
3159,3159,6,1
3160,3160,6,1
3161,3161,6,1
3162,3162,6,2
3163,3163,6,1
3164,3164,6,2
3165,3165,6,1
3166,3166,6,1
3167,3167,6,1
3168,3168,6,2
3169,3169,6,2
3170,3170,6,1
3171,3171,6,2
3172,3172,6,1
3173,3173,6,2
3174,3174,6,1
3175,3175,6,2
3176,3176,6,2
3177,3177,6,1
3178,3178,6,1
3179,3179,6,2
3180,3180,6,1
3181,3181,6,1
3182,3182,6,2
3183,3183,6,1
3184,3184,6,2
3185,3185,6,1
3186,3186,6,1
3187,3187,6,1
3188,3188,6,1
3189,3189,6,1
3190,3190,6,1
3191,3191,6,2
3192,3192,6,1
3193,3193,6,2
3194,3194,6,1
3195,3195,6,1
3196,3196,6,1
3197,3197,6,1
3198,3198,6,2
3199,3199,6,1
3200,3200,6,2
3201,3201,6,1
3202,3202,6,2
3203,3203,6,1
3204,3204,6,1
3205,3205,6,2
3206,3206,6,2
3207,3207,6,2
3208,3208,6,1
3209,3209,6,1
3210,3210,6,2
3211,3211,6,2
3212,3212,6,1
3213,3213,6,1
3214,3214,6,2
3215,3215,6,2
3216,3216,6,2
3217,3217,6,1
3218,3218,6,1
3219,3219,6,1
3220,3220,6,1
3221,3221,6,1
3222,3222,6,1
3223,3223,6,2
3224,3224,6,1
3225,3225,6,2
3226,3226,6,1
3227,3227,6,1
3228,3228,6,1
3229,3229,6,2
3230,3230,6,1
3231,3231,6,2
3232,3232,6,2
3233,3233,6,2
3234,3234,6,2
3235,3235,6,1
3236,3236,6,2
3237,3237,6,1
3238,3238,6,2
3239,3239,6,1
3240,3240,6,2
3241,3241,6,2
3242,3242,6,2
3243,3243,6,1
3244,3244,6,1
3245,3245,6,2
3246,3246,6,1
3247,3247,6,1
3248,3248,6,2
3249,3249,6,2
3250,3250,6,1
3251,3251,6,1
3252,3252,6,1
3253,3253,6,2
3254,3254,6,1
3255,3255,6,2
3256,3256,6,1
3257,3257,6,2
3258,3258,6,2
3259,3259,6,1
3260,3260,6,2
3261,3261,6,1
3262,3262,6,1
3263,3263,6,2
3264,3264,6,2
3265,3265,6,2
3266,3266,6,2
3267,3267,6,1
3268,3268,6,2
3269,3269,6,1
3270,3270,6,1
3271,3271,6,2
3272,3272,6,1
3273,3273,6,1
3274,3274,6,1
3275,3275,6,1
3276,3276,6,2
3277,3277,6,2
3278,3278,6,2
3279,3279,6,1
3280,3280,6,1
3281,3281,6,2
3282,3282,6,2
3283,3283,6,1
3284,3284,6,2
3285,3285,6,2
3286,3286,6,1
3287,3287,6,1
3288,3288,6,1
3289,3289,6,2
3290,3290,6,1
3291,3291,6,1
3292,3292,6,1
3293,3293,6,1
3294,3294,6,2
3295,3295,6,1
3296,3296,6,1
3297,3297,6,1
3298,3298,6,1
3299,3299,6,1
3300,3300,6,2
3301,3301,6,2
3302,3302,6,1
3303,3303,6,2
3304,3304,6,1
3305,3305,6,2
3306,3306,6,2
3307,3307,6,2
3308,3308,6,2
3309,3309,6,1
3310,3310,6,2
3311,3311,6,2
3312,3312,6,1
3313,3313,6,2
3314,3314,6,1
3315,3315,6,1
3316,3316,6,2
3317,3317,6,2
3318,3318,6,1
3319,3319,6,2
3320,3320,6,2
3321,3321,6,1
3322,3322,6,1
3323,3323,6,2
3324,3324,6,2
3325,3325,6,2
3326,3326,6,1
3327,3327,6,1
3328,3328,6,1
3329,3329,6,2
3330,3330,6,1
3331,3331,6,2
3332,3332,6,1
3333,3333,6,2
3334,3334,6,1
3335,3335,6,2
3336,3336,6,2
3337,3337,6,2
3338,3338,6,2
3339,3339,6,1
3340,3340,6,1
3341,3341,6,1
3342,3342,6,1
3343,3343,6,1
3344,3344,6,1
3345,3345,6,2
3346,3346,6,2
3347,3347,6,1
3348,3348,6,1
3349,3349,6,1
3350,3350,6,2
3351,3351,6,2
3352,3352,6,1
3353,3353,6,1
3354,3354,6,1
3355,3355,6,2
3356,3356,6,1
3357,3357,6,1
3358,3358,6,1
3359,3359,6,1
3360,3360,6,2
3361,3361,6,1
3362,3362,6,1
3363,3363,6,1
3364,3364,6,2
3365,3365,6,2
3366,3366,6,1
3367,3367,6,1
3368,3368,6,2
3369,3369,6,1
3370,3370,6,1
3371,3371,6,2
3372,3372,6,1
3373,3373,6,1
3374,3374,6,2
3375,3375,6,2
3376,3376,6,2
3377,3377,6,1
3378,3378,6,1
3379,3379,6,1
3380,3380,6,2
3381,3381,6,1
3382,3382,6,2
3383,3383,6,2
3384,3384,6,2
3385,3385,6,2
3386,3386,6,2
3387,3387,6,1
3388,3388,6,1
3389,3389,6,1
3390,3390,6,2
3391,3391,6,1
3392,3392,6,2
3393,3393,6,2
3394,3394,6,2
3395,3395,6,1
3396,3396,6,1
3397,3397,6,1
3398,3398,6,2
3399,3399,6,1
3400,3400,6,1
3401,3401,6,2
3402,3402,6,2
3403,3403,6,2
3404,3404,6,2
3405,3405,6,2
3406,3406,6,2
3407,3407,6,1
3408,3408,6,2
3409,3409,6,1
3410,3410,6,2
3411,3411,6,1
3412,3412,6,1
3413,3413,6,2
3414,3414,6,1
3415,3415,6,2
3416,3416,6,2
3417,3417,6,2
3418,3418,6,1
3419,3419,6,2
3420,3420,6,1
3421,3421,6,2
3422,3422,6,2
3423,3423,6,1
3424,3424,6,2
3425,3425,6,2
3426,3426,6,1
3427,3427,6,1
3428,3428,6,1
3429,3429,6,2
3430,3430,6,1
3431,3431,6,1
3432,3432,6,1
3433,3433,6,2
3434,3434,6,2
3435,3435,6,2
3436,3436,6,1
3437,3437,6,1
3438,3438,6,1
3439,3439,6,1
3440,3440,6,2
3441,3441,6,1
3442,3442,6,1
3443,3443,6,1
3444,3444,6,2
3445,3445,6,1
3446,3446,6,2
3447,3447,6,1
3448,3448,6,1
3449,3449,6,2
3450,3450,6,2
3451,3451,6,1
3452,3452,6,1
3453,3453,6,1
3454,3454,6,1
3455,3455,6,2
3456,3456,6,1
3457,3457,6,2
3458,3458,6,1
3459,3459,6,1
3460,3460,6,1
3461,3461,6,1
3462,3462,6,2
3463,3463,6,2
3464,3464,6,1
3465,3465,6,1
3466,3466,6,2
3467,3467,6,1
3468,3468,6,1
3469,3469,6,2
3470,3470,6,1
3471,3471,6,1
3472,3472,6,2
3473,3473,6,1
3474,3474,6,2
3475,3475,6,1
3476,3476,6,1
3477,3477,6,2
3478,3478,6,1
3479,3479,6,2
3480,3480,6,1
3481,3481,6,1
3482,3482,6,1
3483,3483,6,1
3484,3484,6,1
3485,3485,6,1
3486,3486,6,1
3487,3487,6,1
3488,3488,6,2
3489,3489,6,1
3490,3490,6,2
3491,3491,6,1
3492,3492,6,2
3493,3493,6,2
3494,3494,6,1
3495,3495,6,1
3496,3496,6,1
3497,3497,6,1
3498,3498,6,1
3499,3499,6,1
3500,3500,6,2
3501,3501,6,1
3502,3502,6,1
3503,3503,6,2
3504,3504,6,1
3505,3505,6,2
3506,3506,6,1
3507,3507,6,1
3508,3508,6,1
3509,3509,6,2
3510,3510,6,1
3511,3511,6,2
3512,3512,6,1
3513,3513,6,2
3514,3514,6,1
3515,3515,6,2
3516,3516,6,1
3517,3517,6,1
3518,3518,6,2
3519,3519,6,2
3520,3520,6,1
3521,3521,6,1
3522,3522,6,1
3523,3523,6,1
3524,3524,6,1
3525,3525,6,2
3526,3526,6,1
3527,3527,6,1
3528,3528,6,1
3529,3529,6,1
3530,3530,6,2
3531,3531,6,1
3532,3532,6,1
3533,3533,6,2
3534,3534,6,1
3535,3535,6,2
3536,3536,6,2
3537,3537,6,1
3538,3538,6,1
3539,3539,6,1
3540,3540,6,1
3541,3541,6,2
3542,3542,6,1
3543,3543,6,2
3544,3544,6,1
3545,3545,6,1
3546,3546,6,2
3547,3547,6,1
3548,3548,6,1
3549,3549,6,1
3550,3550,6,2
3551,3551,6,2
3552,3552,6,2
3553,3553,6,1
3554,3554,6,1
3555,3555,6,1
3556,3556,6,2
3557,3557,6,1
3558,3558,6,2
3559,3559,6,1
3560,3560,6,1
3561,3561,6,1
3562,3562,6,1
3563,3563,6,1
3564,3564,6,1
3565,3565,6,2
3566,3566,6,1
3567,3567,6,1
3568,3568,6,2
3569,3569,6,2
3570,3570,6,1
3571,3571,6,1
3572,3572,6,1
3573,3573,6,1
3574,3574,6,1
3575,3575,6,2
3576,3576,6,1
3577,3577,6,2
3578,3578,6,1
3579,3579,6,1
3580,3580,6,2
3581,3581,6,1
3582,3582,6,2
3583,3583,6,1
3584,3584,6,1
3585,3585,6,1
3586,3586,6,2
3587,3587,6,2
3588,3588,6,1
3589,3589,6,1
3590,3590,6,1
3591,3591,6,2
3592,3592,6,2
3593,3593,6,1
3594,3594,6,1
3595,3595,6,2
3596,3596,6,1
3597,3597,6,1
3598,3598,6,1
3599,3599,6,1
3600,3600,6,2
3601,3601,6,2
3602,3602,6,1
3603,3603,6,2
3604,3604,6,2
3605,3605,6,1
3606,3606,6,1
3607,3607,6,2
3608,3608,6,1
3609,3609,6,1
3610,3610,6,1
3611,3611,6,2
3612,3612,6,2
3613,3613,6,1
3614,3614,6,1
3615,3615,6,1
3616,3616,6,1
3617,3617,6,2
3618,3618,6,1
3619,3619,6,1
3620,3620,6,2
3621,3621,6,1
3622,3622,6,2
3623,3623,6,2
3624,3624,6,1
3625,3625,6,2
3626,3626,6,1
3627,3627,6,1
3628,3628,6,1
3629,3629,6,1
3630,3630,6,2
3631,3631,6,1
3632,3632,6,2
3633,3633,6,2
3634,3634,6,1
3635,3635,6,1
3636,3636,6,1
3637,3637,6,1
3638,3638,6,1
3639,3639,6,1
3640,3640,6,2
3641,3641,6,1
3642,3642,6,1
3643,3643,6,2
3644,3644,6,1
3645,3645,6,1
3646,3646,6,1
3647,3647,6,2
3648,3648,6,2
3649,3649,6,1
3650,3650,6,1
3651,3651,6,1
3652,3652,6,2
3653,3653,6,1
3654,3654,6,1
3655,3655,6,1
3656,3656,6,1
3657,3657,6,2
3658,3658,6,1
3659,3659,6,2
3660,3660,6,1
3661,3661,6,1
3662,3662,6,1
3663,3663,6,2
3664,3664,6,1
3665,3665,6,1
3666,3666,6,2
3667,3667,6,1
3668,3668,6,1
3669,3669,6,1
3670,3670,6,2
3671,3671,6,2
3672,3672,6,1
3673,3673,6,2
3674,3674,6,2
3675,3675,6,2
3676,3676,6,1
3677,3677,6,2
3678,3678,6,1
3679,3679,6,1
3680,3680,6,1
3681,3681,6,1
3682,3682,6,2
3683,3683,6,1
3684,3684,6,1
3685,3685,6,1
3686,3686,6,1
3687,3687,6,2
3688,3688,6,1
3689,3689,6,1
3690,3690,6,2
3691,3691,6,1
3692,3692,6,1
3693,3693,6,1
3694,3694,6,1
3695,3695,6,2
3696,3696,6,2
3697,3697,6,1
3698,3698,6,1
3699,3699,6,1
3700,3700,6,1
3701,3701,6,2
3702,3702,6,2
3703,3703,6,1
3704,3704,6,2
3705,3705,6,2
3706,3706,6,1
3707,3707,6,1
3708,3708,6,1
3709,3709,6,1
3710,3710,6,1
3711,3711,6,2
3712,3712,6,2
3713,3713,6,2
3714,3714,6,1
3715,3715,6,1
3716,3716,6,2
3717,3717,6,1
3718,3718,6,2
3719,3719,6,1
3720,3720,6,2
3721,3721,6,1
3722,3722,6,1
3723,3723,6,1
3724,3724,6,2
3725,3725,6,2
3726,3726,6,2
3727,3727,6,2
3728,3728,6,2
3729,3729,6,2
3730,3730,6,1
3731,3731,6,1
3732,3732,6,1
3733,3733,6,1
3734,3734,6,1
3735,3735,6,1
3736,3736,6,2
3737,3737,6,1
3738,3738,6,1
3739,3739,6,2
3740,3740,6,2
3741,3741,6,1
3742,3742,6,1
3743,3743,6,2
3744,3744,6,1
3745,3745,6,1
3746,3746,6,1
3747,3747,6,1
3748,3748,6,1
3749,3749,6,2
3750,3750,6,1
3751,3751,6,2
3752,3752,6,1
3753,3753,6,2
3754,3754,6,2
3755,3755,6,2
3756,3756,6,1
3757,3757,6,2
3758,3758,6,1
3759,3759,6,1
3760,3760,6,2
3761,3761,6,2
3762,3762,6,2
3763,3763,6,1
3764,3764,6,1
3765,3765,6,2
3766,3766,6,2
3767,3767,6,1
3768,3768,6,1
3769,3769,6,1
3770,3770,6,1
3771,3771,6,1
3772,3772,6,2
3773,3773,6,1
3774,3774,6,2
3775,3775,6,2
3776,3776,6,1
3777,3777,6,1
3778,3778,6,2
3779,3779,6,2
3780,3780,6,1
3781,3781,6,2
3782,3782,6,1
3783,3783,6,1
3784,3784,6,1
3785,3785,6,1
3786,3786,6,1
3787,3787,6,1
3788,3788,6,1
3789,3789,6,2
3790,3790,6,1
3791,3791,6,1
3792,3792,6,2
3793,3793,6,2
3794,3794,6,1
3795,3795,6,2
3796,3796,6,1
3797,3797,6,1
3798,3798,6,2
3799,3799,6,1
3800,3800,6,1
3801,3801,6,1
3802,3802,6,2
3803,3803,6,2
3804,3804,6,1
3805,3805,6,1
3806,3806,6,1
3807,3807,6,2
3808,3808,6,2
3809,3809,6,1
3810,3810,6,2
3811,3811,6,1
3812,3812,6,2
3813,3813,6,1
3814,3814,6,2
3815,3815,6,1
3816,3816,6,1
3817,3817,6,1
3818,3818,6,1
3819,3819,6,2
3820,3820,6,1
3821,3821,6,1
3822,3822,6,1
3823,3823,6,1
3824,3824,6,1
3825,3825,6,2
3826,3826,6,2
3827,3827,6,2
3828,3828,6,2
3829,3829,6,1
3830,3830,6,1
3831,3831,6,1
3832,3832,6,2
3833,3833,6,2
3834,3834,6,2
3835,3835,6,1
3836,3836,6,2
3837,3837,6,2
3838,3838,6,2
3839,3839,6,1
3840,3840,6,1
3841,3841,6,1
3842,3842,6,1
3843,3843,6,1
3844,3844,6,2
3845,3845,6,1
3846,3846,6,1
3847,3847,6,1
3848,3848,6,1
3849,3849,6,1
3850,3850,6,2
3851,3851,6,2
3852,3852,6,2
3853,3853,6,2
3854,3854,6,2
3855,3855,6,1
3856,3856,6,1
3857,3857,6,1
3858,3858,6,1
3859,3859,6,1
3860,3860,6,1
3861,3861,6,1
3862,3862,6,1
3863,3863,6,1
3864,3864,6,2
3865,3865,6,2
3866,3866,6,1
3867,3867,6,1
3868,3868,6,2
3869,3869,6,2
3870,3870,6,2
3871,3871,6,1
3872,3872,6,1
3873,3873,6,1
3874,3874,6,1
3875,3875,6,1
3876,3876,6,2
3877,3877,6,1
3878,3878,6,2
3879,3879,6,2
3880,3880,6,2
3881,3881,6,1
3882,3882,6,1
3883,3883,6,2
3884,3884,6,2
3885,3885,6,1
3886,3886,6,1
3887,3887,6,2
3888,3888,6,1
3889,3889,6,1
3890,3890,6,2
3891,3891,6,1
3892,3892,6,2
3893,3893,6,1
3894,3894,6,2
3895,3895,6,1
3896,3896,6,2
3897,3897,6,1
3898,3898,6,2
3899,3899,6,2
3900,3900,6,1
3901,3901,6,2
3902,3902,6,2
3903,3903,6,2
3904,3904,6,1
3905,3905,6,1
3906,3906,6,2
3907,3907,6,1
3908,3908,6,2
3909,3909,6,1
3910,3910,6,2
3911,3911,6,1
3912,3912,6,2
3913,3913,6,1
3914,3914,6,1
3915,3915,6,2
3916,3916,6,1
3917,3917,6,1
3918,3918,6,1
3919,3919,6,1
3920,3920,6,2
3921,3921,6,2
3922,3922,6,1
3923,3923,6,2
3924,3924,6,1
3925,3925,6,2
3926,3926,6,1
3927,3927,6,2
3928,3928,6,1
3929,3929,6,2
3930,3930,6,1
3931,3931,6,2
3932,3932,6,1
3933,3933,6,2
3934,3934,6,1
3935,3935,6,1
3936,3936,6,1
3937,3937,6,2
3938,3938,6,1
3939,3939,6,1
3940,3940,6,1
3941,3941,6,2
3942,3942,6,2
3943,3943,6,2
3944,3944,6,1
3945,3945,6,1
3946,3946,6,2
3947,3947,6,1
3948,3948,6,2
3949,3949,6,1
3950,3950,6,1
3951,3951,6,1
3952,3952,6,1
3953,3953,6,2
3954,3954,6,2
3955,3955,6,1
3956,3956,6,2
3957,3957,6,2
3958,3958,6,2
3959,3959,6,1
3960,3960,6,1
3961,3961,6,1
3962,3962,6,1
3963,3963,6,1
3964,3964,6,2
3965,3965,6,2
3966,3966,6,1
3967,3967,6,2
3968,3968,6,1
3969,3969,6,2
3970,3970,6,1
3971,3971,6,1
3972,3972,6,1
3973,3973,6,2
3974,3974,6,1
3975,3975,6,1
3976,3976,6,1
3977,3977,6,1
3978,3978,6,2
3979,3979,6,2
3980,3980,6,2
3981,3981,6,1
3982,3982,6,2
3983,3983,6,1
3984,3984,6,2
3985,3985,6,1
3986,3986,6,2
3987,3987,6,2
3988,3988,6,1
3989,3989,6,1
3990,3990,6,1
3991,3991,6,2
3992,3992,6,2
3993,3993,6,1
3994,3994,6,2
3995,3995,6,2
3996,3996,6,1
3997,3997,6,1
3998,3998,6,2
3999,3999,6,2
4000,4000,6,1
4001,4001,6,2
4002,4002,6,2
4003,4003,6,2
4004,4004,6,2
4005,4005,6,1
4006,4006,6,2
4007,4007,6,1
4008,4008,6,1
4009,4009,6,1
4010,4010,6,2
4011,4011,6,2
4012,4012,6,1
4013,4013,6,2
4014,4014,6,2
4015,4015,6,1
4016,4016,6,1
4017,4017,6,2
4018,4018,6,1
4019,4019,6,1
4020,4020,6,2
4021,4021,6,1
4022,4022,6,1
4023,4023,6,2
4024,4024,6,2
4025,4025,6,2
4026,4026,6,2
4027,4027,6,1
4028,4028,6,2
4029,4029,6,2
4030,4030,6,1
4031,4031,6,1
4032,4032,6,2
4033,4033,6,2
4034,4034,6,1
4035,4035,6,2
4036,4036,6,1
4037,4037,6,1
4038,4038,6,1
4039,4039,6,2
4040,4040,6,1
4041,4041,6,1
4042,4042,6,2
4043,4043,6,2
4044,4044,6,1
4045,4045,6,1
4046,4046,6,1
4047,4047,6,1
4048,4048,6,1
4049,4049,6,1
4050,4050,6,1
4051,4051,6,2
4052,4052,6,2
4053,4053,6,2
4054,4054,6,2
4055,4055,6,2
4056,4056,6,2
4057,4057,6,1
4058,4058,6,2
4059,4059,6,2
4060,4060,6,1
4061,4061,6,2
4062,4062,6,2
4063,4063,6,2
4064,4064,6,2
4065,4065,6,1
4066,4066,6,1
4067,4067,6,1
4068,4068,6,1
4069,4069,6,1
4070,4070,6,1
4071,4071,6,2
4072,4072,6,2
4073,4073,6,1
4074,4074,6,1
4075,4075,6,1
4076,4076,6,1
4077,4077,6,1
4078,4078,6,1
4079,4079,6,2
4080,4080,6,1
4081,4081,6,1
4082,4082,6,1
4083,4083,6,2
4084,4084,6,2
4085,4085,6,2
4086,4086,6,1
4087,4087,6,2
4088,4088,6,1
4089,4089,6,2
4090,4090,6,2
4091,4091,6,1
4092,4092,6,2
4093,4093,6,1
4094,4094,6,1
4095,4095,6,2
4096,4096,6,2
4097,4097,6,1
4098,4098,6,2
4099,4099,6,1
4100,4100,6,1
4101,4101,6,2
4102,4102,6,2
4103,4103,6,1
4104,4104,6,2
4105,4105,6,2
4106,4106,6,1
4107,4107,6,1
4108,4108,6,1
4109,4109,6,2
4110,4110,6,2
4111,4111,6,2
4112,4112,6,1
4113,4113,6,1
4114,4114,6,1
4115,4115,6,1
4116,4116,6,2
4117,4117,6,2
4118,4118,6,2
4119,4119,6,1
4120,4120,6,2
4121,4121,6,1
4122,4122,6,1
4123,4123,6,1
4124,4124,6,1
4125,4125,6,2
4126,4126,6,1
4127,4127,6,2
4128,4128,6,1
4129,4129,6,1
4130,4130,6,1
4131,4131,6,2
4132,4132,6,2
4133,4133,6,1
4134,4134,6,2
4135,4135,6,1
4136,4136,6,2
4137,4137,6,2
4138,4138,6,1
4139,4139,6,2
4140,4140,6,2
4141,4141,6,2
4142,4142,6,1
4143,4143,6,2
4144,4144,6,2
4145,4145,6,2
4146,4146,6,1
4147,4147,6,2
4148,4148,6,1
4149,4149,6,2
4150,4150,6,1
4151,4151,6,1
4152,4152,6,2
4153,4153,6,1
4154,4154,6,1
4155,4155,6,2
4156,4156,6,1
4157,4157,6,1
4158,4158,6,1
4159,4159,6,1
4160,4160,6,2
4161,4161,6,1
4162,4162,6,1
4163,4163,6,2
4164,4164,6,2
4165,4165,6,1
4166,4166,6,2
4167,4167,6,1
4168,4168,6,1
4169,4169,6,2
4170,4170,6,2
4171,4171,6,2
4172,4172,6,1
4173,4173,6,1
4174,4174,6,2
4175,4175,6,1
4176,4176,6,2
4177,4177,6,1
4178,4178,6,2
4179,4179,6,2
4180,4180,6,2
4181,4181,6,2
4182,4182,6,2
4183,4183,6,1
4184,4184,6,2
4185,4185,6,1
4186,4186,6,1
4187,4187,6,1
4188,4188,6,1
4189,4189,6,1
4190,4190,6,2
4191,4191,6,2
4192,4192,6,1
4193,4193,6,1
4194,4194,6,2
4195,4195,6,1
4196,4196,6,2
4197,4197,6,1
4198,4198,6,2
4199,4199,6,1
4200,4200,6,2
4201,4201,6,1
4202,4202,6,2
4203,4203,6,2
4204,4204,6,1
4205,4205,6,2
4206,4206,6,2
4207,4207,6,1
4208,4208,6,2
4209,4209,6,1
4210,4210,6,2
4211,4211,6,2
4212,4212,6,1
4213,4213,6,1
4214,4214,6,1
4215,4215,6,2
4216,4216,6,1
4217,4217,6,2
4218,4218,6,1
4219,4219,6,2
4220,4220,6,2
4221,4221,6,2
4222,4222,6,1
4223,4223,6,1
4224,4224,6,1
4225,4225,6,1
4226,4226,6,2
4227,4227,6,1
4228,4228,6,2
4229,4229,6,1
4230,4230,6,2
4231,4231,6,2
4232,4232,6,2
4233,4233,6,1
4234,4234,6,2
4235,4235,6,1
4236,4236,6,2
4237,4237,6,1
4238,4238,6,1
4239,4239,6,1
4240,4240,6,1
4241,4241,6,2
4242,4242,6,2
4243,4243,6,1
4244,4244,6,2
4245,4245,6,2
4246,4246,6,1
4247,4247,6,1
4248,4248,6,2
4249,4249,6,2
4250,4250,6,2
4251,4251,6,1
4252,4252,6,1
4253,4253,6,1
4254,4254,6,2
4255,4255,6,2
4256,4256,6,1
4257,4257,6,1
4258,4258,6,1
4259,4259,6,1
4260,4260,6,1
4261,4261,6,1
4262,4262,6,2
4263,4263,6,2
4264,4264,6,2
4265,4265,6,2
4266,4266,6,2
4267,4267,6,1
4268,4268,6,1
4269,4269,6,1
4270,4270,6,1
4271,4271,6,2
4272,4272,6,1
4273,4273,6,2
4274,4274,6,1
4275,4275,6,2
4276,4276,6,1
4277,4277,6,1
4278,4278,6,2
4279,4279,6,1
4280,4280,6,1
4281,4281,6,1
4282,4282,6,1
4283,4283,6,2
4284,4284,6,1
4285,4285,6,1
4286,4286,6,1
4287,4287,6,1
4288,4288,6,1
4289,4289,6,1
4290,4290,6,2
4291,4291,6,1
4292,4292,6,1
4293,4293,6,1
4294,4294,6,2
4295,4295,6,2
4296,4296,6,1
4297,4297,6,1
4298,4298,6,2
4299,4299,6,1
4300,4300,6,2
4301,4301,6,2
4302,4302,6,1
4303,4303,6,2
4304,4304,6,1
4305,4305,6,1
4306,4306,6,2
4307,4307,6,2
4308,4308,6,1
4309,4309,6,1
4310,4310,6,2
4311,4311,6,1
4312,4312,6,2
4313,4313,6,1
4314,4314,6,1
4315,4315,6,1
4316,4316,6,2
4317,4317,6,2
4318,4318,6,1
4319,4319,6,1
4320,4320,6,1
4321,4321,6,1
4322,4322,6,1
4323,4323,6,1
4324,4324,6,2
4325,4325,6,2
4326,4326,6,1
4327,4327,6,1
4328,4328,6,1
4329,4329,6,2
4330,4330,6,2
4331,4331,6,1
4332,4332,6,1
4333,4333,6,1
4334,4334,6,1
4335,4335,6,1
4336,4336,6,2
4337,4337,6,2
4338,4338,6,1
4339,4339,6,2
4340,4340,6,1
4341,4341,6,2
4342,4342,6,1
4343,4343,6,2
4344,4344,6,1
4345,4345,6,1
4346,4346,6,1
4347,4347,6,2
4348,4348,6,1
4349,4349,6,1
4350,4350,6,1
4351,4351,6,2
4352,4352,6,1
4353,4353,6,1
4354,4354,6,1
4355,4355,6,1
4356,4356,6,2
4357,4357,6,2
4358,4358,6,1
4359,4359,6,2
4360,4360,6,2
4361,4361,6,2
4362,4362,6,1
4363,4363,6,1
4364,4364,6,2
4365,4365,6,1
4366,4366,6,1
4367,4367,6,1
4368,4368,6,2
4369,4369,6,2
4370,4370,6,2
4371,4371,6,2
4372,4372,6,2
4373,4373,6,2
4374,4374,6,1
4375,4375,6,1
4376,4376,6,1
4377,4377,6,2
4378,4378,6,2
4379,4379,6,2
4380,4380,6,1
4381,4381,6,1
4382,4382,6,2
4383,4383,6,1
4384,4384,6,2
4385,4385,6,2
4386,4386,6,2
4387,4387,6,1
4388,4388,6,2
4389,4389,6,1
4390,4390,6,1
4391,4391,6,2
4392,4392,6,1
4393,4393,6,2
4394,4394,6,1
4395,4395,6,2
4396,4396,6,1
4397,4397,6,2
4398,4398,6,1
4399,4399,6,1
4400,4400,6,1
4401,4401,6,1
4402,4402,6,2
4403,4403,6,1
4404,4404,6,1
4405,4405,6,2
4406,4406,6,1
4407,4407,6,1
4408,4408,6,1
4409,4409,6,1
4410,4410,6,2
4411,4411,6,1
4412,4412,6,1
4413,4413,6,1
4414,4414,6,2
4415,4415,6,1
4416,4416,6,2
4417,4417,6,1
4418,4418,6,1
4419,4419,6,2
4420,4420,6,2
4421,4421,6,1
4422,4422,6,1
4423,4423,6,1
4424,4424,6,1
4425,4425,6,2
4426,4426,6,1
4427,4427,6,1
4428,4428,6,1
4429,4429,6,1
4430,4430,6,1
4431,4431,6,2
4432,4432,6,1
4433,4433,6,2
4434,4434,6,2
4435,4435,6,2
4436,4436,6,1
4437,4437,6,2
4438,4438,6,1
4439,4439,6,1
4440,4440,6,2
4441,4441,6,2
4442,4442,6,1
4443,4443,6,1
4444,4444,6,1
4445,4445,6,1
4446,4446,6,2
4447,4447,6,2
4448,4448,6,2
4449,4449,6,1
4450,4450,6,1
4451,4451,6,1
4452,4452,6,1
4453,4453,6,1
4454,4454,6,2
4455,4455,6,1
4456,4456,6,2
4457,4457,6,2
4458,4458,6,1
4459,4459,6,1
4460,4460,6,2
4461,4461,6,1
4462,4462,6,2
4463,4463,6,2
4464,4464,6,1
4465,4465,6,1
4466,4466,6,1
4467,4467,6,1
4468,4468,6,1
4469,4469,6,1
4470,4470,6,2
4471,4471,6,1
4472,4472,6,2
4473,4473,6,1
4474,4474,6,2
4475,4475,6,2
4476,4476,6,2
4477,4477,6,2
4478,4478,6,1
4479,4479,6,1
4480,4480,6,2
4481,4481,6,1
4482,4482,6,1
4483,4483,6,2
4484,4484,6,2
4485,4485,6,1
4486,4486,6,1
4487,4487,6,1
4488,4488,6,2
4489,4489,6,1
4490,4490,6,2
4491,4491,6,1
4492,4492,6,2
4493,4493,6,1
4494,4494,6,1
4495,4495,6,1
4496,4496,6,2
4497,4497,6,1
4498,4498,6,1
4499,4499,6,1
4500,4500,6,1
4501,4501,6,1
4502,4502,6,2
4503,4503,6,2
4504,4504,6,2
4505,4505,6,2
4506,4506,6,1
4507,4507,6,1
4508,4508,6,1
4509,4509,6,2
4510,4510,6,2
4511,4511,6,2
4512,4512,6,2
4513,4513,6,2
4514,4514,6,1
4515,4515,6,1
4516,4516,6,1
4517,4517,6,1
4518,4518,6,1
4519,4519,6,2
4520,4520,6,2
4521,4521,6,1
4522,4522,6,1
4523,4523,6,2
4524,4524,6,1
4525,4525,6,2
4526,4526,6,1
4527,4527,6,1
4528,4528,6,2
4529,4529,6,2
4530,4530,6,1
4531,4531,6,2
4532,4532,6,1
4533,4533,6,1
4534,4534,6,2
4535,4535,6,1
4536,4536,6,1
4537,4537,6,2
4538,4538,6,2
4539,4539,6,2
4540,4540,6,2
4541,4541,6,1
4542,4542,6,2
4543,4543,6,1
4544,4544,6,1
4545,4545,6,2
4546,4546,6,2
4547,4547,6,1
4548,4548,6,1
4549,4549,6,2
4550,4550,6,1
4551,4551,6,2
4552,4552,6,2
4553,4553,6,2
4554,4554,6,1
4555,4555,6,2
4556,4556,6,2
4557,4557,6,1
4558,4558,6,2
4559,4559,6,1
4560,4560,6,2
4561,4561,6,1
4562,4562,6,1
4563,4563,6,2
4564,4564,6,1
4565,4565,6,2
4566,4566,6,2
4567,4567,6,2
4568,4568,6,1
4569,4569,6,2
4570,4570,6,1
4571,4571,6,1
4572,4572,6,2
4573,4573,6,2
4574,4574,6,1
4575,4575,6,2
4576,4576,6,1
4577,4577,6,1
4578,4578,6,2
4579,4579,6,1
4580,4580,6,1
4581,4581,6,1
4582,4582,6,2
4583,4583,6,2
4584,4584,6,1
4585,4585,6,2
4586,4586,6,2
4587,4587,6,1
4588,4588,6,1
4589,4589,6,2
4590,4590,6,1
4591,4591,6,2
4592,4592,6,2
4593,4593,6,1
4594,4594,6,2
4595,4595,6,1
4596,4596,6,2
4597,4597,6,1
4598,4598,6,1
4599,4599,6,2
4600,4600,6,1
4601,4601,6,2
4602,4602,6,1
4603,4603,6,2
4604,4604,6,2
4605,4605,6,1
4606,4606,6,2
4607,4607,6,1
4608,4608,6,2
4609,4609,6,1
4610,4610,6,1
4611,4611,6,2
4612,4612,6,2
4613,4613,6,1
4614,4614,6,2
4615,4615,6,2
4616,4616,6,1
4617,4617,6,1
4618,4618,6,1
4619,4619,6,1
4620,4620,6,2
4621,4621,6,2
4622,4622,6,1
4623,4623,6,2
4624,4624,6,1
4625,4625,6,2
4626,4626,6,1
4627,4627,6,1
4628,4628,6,1
4629,4629,6,2
4630,4630,6,1
4631,4631,6,2
4632,4632,6,2
4633,4633,6,1
4634,4634,6,1
4635,4635,6,1
4636,4636,6,2
4637,4637,6,1
4638,4638,6,1
4639,4639,6,2
4640,4640,6,1
4641,4641,6,2
4642,4642,6,2
4643,4643,6,1
4644,4644,6,1
4645,4645,6,1
4646,4646,6,1
4647,4647,6,1
4648,4648,6,1
4649,4649,6,1
4650,4650,6,2
4651,4651,6,2
4652,4652,6,2
4653,4653,6,1
4654,4654,6,1
4655,4655,6,1
4656,4656,6,2
4657,4657,6,2
4658,4658,6,2
4659,4659,6,1
4660,4660,6,1
4661,4661,6,2
4662,4662,6,2
4663,4663,6,2
4664,4664,6,2
4665,4665,6,2
4666,4666,6,2
4667,4667,6,2
4668,4668,6,1
4669,4669,6,2
4670,4670,6,1
4671,4671,6,2
4672,4672,6,1
4673,4673,6,1
4674,4674,6,1
4675,4675,6,1
4676,4676,6,2
4677,4677,6,1
4678,4678,6,2
4679,4679,6,2
4680,4680,6,1
4681,4681,6,1
4682,4682,6,1
4683,4683,6,2
4684,4684,6,2
4685,4685,6,1
4686,4686,6,2
4687,4687,6,2
4688,4688,6,1
4689,4689,6,1
4690,4690,6,2
4691,4691,6,2
4692,4692,6,1
4693,4693,6,2
4694,4694,6,1
4695,4695,6,2
4696,4696,6,1
4697,4697,6,1
4698,4698,6,2
4699,4699,6,1
4700,4700,6,1
4701,4701,6,1
4702,4702,6,2
4703,4703,6,1
4704,4704,6,1
4705,4705,6,1
4706,4706,6,1
4707,4707,6,2
4708,4708,6,1
4709,4709,6,1
4710,4710,6,1
4711,4711,6,2
4712,4712,6,2
4713,4713,6,1
4714,4714,6,1
4715,4715,6,1
4716,4716,6,1
4717,4717,6,2
4718,4718,6,1
4719,4719,6,2
4720,4720,6,1
4721,4721,6,1
4722,4722,6,1
4723,4723,6,2
4724,4724,6,1
4725,4725,6,1
4726,4726,6,1
4727,4727,6,2
4728,4728,6,2
4729,4729,6,1
4730,4730,6,2
4731,4731,6,1
4732,4732,6,1
4733,4733,6,2
4734,4734,6,2
4735,4735,6,1
4736,4736,6,2
4737,4737,6,1
4738,4738,6,1
4739,4739,6,1
4740,4740,6,1
4741,4741,6,1
4742,4742,6,1
4743,4743,6,2
4744,4744,6,1
4745,4745,6,1
4746,4746,6,2
4747,4747,6,1
4748,4748,6,1
4749,4749,6,1
4750,4750,6,2
4751,4751,6,2
4752,4752,6,1
4753,4753,6,2
4754,4754,6,2
4755,4755,6,1
4756,4756,6,2
4757,4757,6,1
4758,4758,6,1
4759,4759,6,1
4760,4760,6,1
4761,4761,6,1
4762,4762,6,1
4763,4763,6,1
4764,4764,6,2
4765,4765,6,1
4766,4766,6,1
4767,4767,6,2
4768,4768,6,1
4769,4769,6,2
4770,4770,6,1
4771,4771,6,2
4772,4772,6,1
4773,4773,6,1
4774,4774,6,1
4775,4775,6,1
4776,4776,6,2
4777,4777,6,2
4778,4778,6,2
4779,4779,6,1
4780,4780,6,2
4781,4781,6,2
4782,4782,6,1
4783,4783,6,2
4784,4784,6,1
4785,4785,6,2
4786,4786,6,1
4787,4787,6,2
4788,4788,6,2
4789,4789,6,2
4790,4790,6,1
4791,4791,6,1
4792,4792,6,1
4793,4793,6,1
4794,4794,6,2
4795,4795,6,2
4796,4796,6,2
4797,4797,6,1
4798,4798,6,1
4799,4799,6,1
4800,4800,6,2
4801,4801,6,2
4802,4802,6,1
4803,4803,6,1
4804,4804,6,1
4805,4805,6,1
4806,4806,6,1
4807,4807,6,2
4808,4808,6,1
4809,4809,6,1
4810,4810,6,1
4811,4811,6,2
4812,4812,6,1
4813,4813,6,1
4814,4814,6,1
4815,4815,6,1
4816,4816,6,2
4817,4817,6,1
4818,4818,6,2
4819,4819,6,1
4820,4820,6,1
4821,4821,6,2
4822,4822,6,2
4823,4823,6,1
4824,4824,6,2
4825,4825,6,1
4826,4826,6,2
4827,4827,6,1
4828,4828,6,1
4829,4829,6,2
4830,4830,6,2
4831,4831,6,1
4832,4832,6,1
4833,4833,6,2
4834,4834,6,1
4835,4835,6,1
4836,4836,6,2
4837,4837,6,2
4838,4838,6,2
4839,4839,6,1
4840,4840,6,1
4841,4841,6,2
4842,4842,6,1
4843,4843,6,2
4844,4844,6,2
4845,4845,6,1
4846,4846,6,1
4847,4847,6,2
4848,4848,6,2
4849,4849,6,2
4850,4850,6,1
4851,4851,6,1
4852,4852,6,1
4853,4853,6,1
4854,4854,6,1
4855,4855,6,2
4856,4856,6,2
4857,4857,6,2
4858,4858,6,1
4859,4859,6,1
4860,4860,6,2
4861,4861,6,1
4862,4862,6,2
4863,4863,6,1
4864,4864,6,1
4865,4865,6,1
4866,4866,6,1
4867,4867,6,2
4868,4868,6,2
4869,4869,6,2
4870,4870,6,2
4871,4871,6,1
4872,4872,6,2
4873,4873,6,2
4874,4874,6,1
4875,4875,6,2
4876,4876,6,1
4877,4877,6,1
4878,4878,6,1
4879,4879,6,2
4880,4880,6,1
4881,4881,6,2
4882,4882,6,2
4883,4883,6,1
4884,4884,6,2
4885,4885,6,2
4886,4886,6,1
4887,4887,6,2
4888,4888,6,1
4889,4889,6,1
4890,4890,6,1
4891,4891,6,2
4892,4892,6,1
4893,4893,6,2
4894,4894,6,1
4895,4895,6,1
4896,4896,6,1
4897,4897,6,1
4898,4898,6,1
4899,4899,6,2
4900,4900,6,2
4901,4901,6,2
4902,4902,6,1
4903,4903,6,1
4904,4904,6,2
4905,4905,6,2
4906,4906,6,1
4907,4907,6,2
4908,4908,6,1
4909,4909,6,2
4910,4910,6,2
4911,4911,6,1
4912,4912,6,2
4913,4913,6,1
4914,4914,6,2
4915,4915,6,2
4916,4916,6,1
4917,4917,6,1
4918,4918,6,1
4919,4919,6,1
4920,4920,6,1
4921,4921,6,1
4922,4922,6,1
4923,4923,6,2
4924,4924,6,1
4925,4925,6,1
4926,4926,6,2
4927,4927,6,2
4928,4928,6,1
4929,4929,6,2
4930,4930,6,1
4931,4931,6,1
4932,4932,6,2
4933,4933,6,2
4934,4934,6,2
4935,4935,6,1
4936,4936,6,2
4937,4937,6,1
4938,4938,6,2
4939,4939,6,2
4940,4940,6,2
4941,4941,6,2
4942,4942,6,1
4943,4943,6,1
4944,4944,6,1
4945,4945,6,2
4946,4946,6,1
4947,4947,6,2
4948,4948,6,2
4949,4949,6,2
4950,4950,6,1
4951,4951,6,2
4952,4952,6,1
4953,4953,6,1
4954,4954,6,1
4955,4955,6,1
4956,4956,6,1
4957,4957,6,1
4958,4958,6,2
4959,4959,6,1
4960,4960,6,1
4961,4961,6,1
4962,4962,6,2
4963,4963,6,2
4964,4964,6,2
4965,4965,6,2
4966,4966,6,1
4967,4967,6,1
4968,4968,6,2
4969,4969,6,2
4970,4970,6,2
4971,4971,6,1
4972,4972,6,1
4973,4973,6,1
4974,4974,6,1
4975,4975,6,2
4976,4976,6,1
4977,4977,6,2
4978,4978,6,1
4979,4979,6,1
4980,4980,6,2
4981,4981,6,1
4982,4982,6,1
4983,4983,6,1
4984,4984,6,1
4985,4985,6,2
4986,4986,6,1
4987,4987,6,2
4988,4988,6,1
4989,4989,6,1
4990,4990,6,1
4991,4991,6,2
4992,4992,6,2
4993,4993,6,1
4994,4994,6,1
4995,4995,6,1
4996,4996,6,1
4997,4997,6,1
4998,4998,6,1
4999,4999,6,1
